survey_date,survey_type,district,community,gender,household_size,source,collect_yesterday,total_liters,oneway_travel,wait_time,total_collect_time,satisfied,notsatisfied_why,defecation_place,handwash_demo,soap_ash,water_wash,jmp_improved,jmp_water_service,hwise_worry,hwise_interrupt,hwise_clothes,hwise_change_plans,hwise_change_meal,hwise_nohandwash,hwise_no_bodywash,hwise_drinking,hwise_angry,hwise_sleepthirsty,hwise_nowater,hwise_shame,hwise_score,hwise_insecurity_level
2025-06-18,Endline,Memba,Cruzamento dos velhos,Male,6,Borehole with handpump,No,0,10,10,30,Satisfied,NA,Latrine/toilet,Yes,Ash,Yes,Improved,Basic,Never,Never,Never,Never,Never,Never,Never,Never,Never,Never,Never,Never,0,No-to-marginal
2025-06-18,Endline,Memba,Cruzamento dos velhos,Male,10,Borehole with handpump,Yes,80,1,5,7,Satisfied,NA,Latrine/toilet,Yes,Soap,Yes,Improved,Basic,Never,Never,Never,Never,Never,Never,Never,Never,Never,Never,Never,Never,0,No-to-marginal
2025-06-18,Endline,Memba,Cruzamento dos velhos,Female,6,Borehole with handpump,Yes,100,3,10,16,Satisfied,NA,Latrine/toilet,Yes,Soap,Yes,Improved,Basic,Never,Never,Never,Never,Never,Never,Never,Never,Never,Never,Never,Never,0,No-to-marginal
2025-06-18,Endline,Memba,Cruzamento dos velhos,Male,4,Borehole with handpump,Yes,80,5,5,15,Satisfied,NA,Latrine/toilet,Yes,Ash,Yes,Improved,Basic,Never,Never,Never,Never,Never,Never,Never,Never,Never,Never,Never,Never,0,No-to-marginal
2025-06-18,Endline,Memba,Cruzamento dos velhos,Female,5,Borehole with handpump,Yes,20,3,20,26,Satisfied,NA,Latrine/toilet,Yes,Ash,Yes,Improved,Basic,Never,Never,Never,Never,Never,Never,Never,Never,Never,Never,Never,Never,0,No-to-marginal
2025-06-18,Endline,Memba,Cruzamento dos velhos,Female,5,Borehole with handpump,Yes,60,5,20,30,Satisfied,NA,Latrine/toilet,Yes,Ash,Yes,Improved,Basic,Rarely,Never,Rarely,Never,Never,Never,Never,Never,Never,Never,Never,Never,2,No-to-marginal
2025-06-18,Endline,Memba,Cruzamento dos velhos,Female,3,Borehole with handpump,Yes,40,5,10,20,Satisfied,NA,Latrine/toilet,Yes,Soap,Yes,Improved,Basic,Never,Never,Never,Never,Never,Never,Never,Never,Never,Never,Never,Never,0,No-to-marginal
2025-06-21,Endline,Moma,Jacagiua,Female,4,Borehole with handpump,Yes,60,3,10,16,Satisfied,NA,Latrine/toilet,Yes,Ash,Yes,Improved,Basic,Never,Never,Never,Never,Never,Never,Never,Never,Never,Never,Never,Never,0,No-to-marginal
2025-06-21,Endline,Moma,Jacagiua,Female,4,Borehole with handpump,Yes,40,3,15,21,Satisfied,NA,Latrine/toilet,Yes,Soap,Yes,Improved,Basic,Never,Never,Never,Never,Never,Never,Never,Never,Never,Never,Never,Never,0,No-to-marginal
2025-06-21,Endline,Moma,Jacagiua,Female,5,Borehole with handpump,Yes,40,3,20,26,Satisfied,NA,Latrine/toilet,Yes,Ash,Yes,Improved,Basic,Never,Never,Never,Never,Never,Never,Never,Never,Never,Never,Never,Never,0,No-to-marginal
2025-06-21,Endline,Moma,Jacagiua,Female,3,Borehole with handpump,Yes,40,5,10,20,Satisfied,NA,Latrine/toilet,Yes,Soap,Yes,Improved,Basic,Never,Never,Never,Never,Never,Never,Never,Never,Never,Never,Never,Never,0,No-to-marginal
2025-06-17,Endline,Memba,Lusaka,Female,6,Borehole with handpump,Yes,60,5,20,30,Satisfied,NA,Latrine/toilet,Yes,Ash,Yes,Improved,Basic,Never,Never,Never,Never,Never,Never,Never,Never,Never,Never,Never,Never,0,No-to-marginal
2025-06-17,Endline,Memba,Lusaka,Male,3,Borehole with handpump,Yes,40,2,10,14,Satisfied,NA,In the open/no sanitation facilities,Yes,Soap,No,Improved,Basic,Never,Never,Never,Never,Never,Never,Never,Never,Never,Never,Never,Never,0,No-to-marginal
2025-06-17,Endline,Memba,Lusaka,Female,5,Borehole with handpump,Yes,40,2,8,12,Satisfied,NA,Latrine/toilet,Yes,Soap,Yes,Improved,Basic,Never,Never,Never,Rarely,Rarely,Rarely,Rarely,Never,Never,Never,Never,Never,4,Low
2025-06-23,Endline,Larde,Macuire,Female,3,Borehole with handpump,Yes,80,5,10,20,Satisfied,NA,Latrine/toilet,Yes,Ash,Yes,Improved,Basic,Never,Never,Never,Never,Never,Never,Never,Never,Never,Never,Never,Never,0,No-to-marginal
2025-06-23,Endline,Larde,Macuire,Female,6,Borehole with handpump,Yes,100,3,5,11,Satisfied,NA,Latrine/toilet,Yes,Ash,Yes,Improved,Basic,Never,Never,Never,Never,Never,Never,Never,Never,Never,Never,Never,Never,0,No-to-marginal
2025-06-18,Endline,Memba,Matata,Male,5,Borehole with handpump,Yes,80,5,20,30,Satisfied,NA,Latrine/toilet,Yes,Ash,Yes,Improved,Basic,Never,Never,Never,Never,Never,Never,Never,Never,Never,Never,Never,Never,0,No-to-marginal
2025-06-18,Endline,Memba,Matata,Male,4,Borehole with handpump,Yes,80,3,20,26,Satisfied,NA,Latrine/toilet,Yes,Ash,Yes,Improved,Basic,Never,Never,Never,Never,Never,Never,Never,Never,Never,Never,Never,Never,0,No-to-marginal
2025-06-17,Endline,Memba,Miaja,Female,3,Borehole with handpump,Yes,70,5,20,30,Satisfied,NA,Latrine/toilet,Yes,Ash,Yes,Improved,Basic,Never,Never,Never,Never,Never,Never,Never,Never,Never,Never,Never,Never,0,No-to-marginal
2025-06-17,Endline,Memba,Miaja,Female,6,Borehole with handpump,Yes,200,4,10,18,Satisfied,NA,Latrine/toilet,Yes,Ash,Yes,Improved,Basic,Never,Never,Never,Never,Never,Never,Never,Never,Never,Never,Never,Never,0,No-to-marginal
2025-06-20,Endline,Moma,Mieie,Female,7,Borehole with handpump,Yes,70,3,15,21,Satisfied,NA,Latrine/toilet,Yes,Ash,Yes,Improved,Basic,Never,Never,Never,Never,Never,Never,Never,Never,Never,Never,Never,Never,0,No-to-marginal
2025-06-20,Endline,Moma,Mieie,Female,10,Borehole with handpump,Yes,90,5,10,20,Satisfied,NA,Latrine/toilet,Yes,Ash,Yes,Improved,Basic,Never,Never,Never,Never,Never,Never,Never,Never,Never,Never,Never,Never,0,No-to-marginal
2025-06-20,Endline,Moma,Mieie,Female,2,Borehole with handpump,Yes,60,5,20,30,Satisfied,NA,Latrine/toilet,Yes,Soap,Yes,Improved,Basic,Never,Never,Never,Never,Never,Never,Never,Never,Never,Never,Never,Never,0,No-to-marginal
2025-06-20,Endline,Moma,Mieie,Female,3,Borehole with handpump,Yes,105,5,10,20,Satisfied,NA,Latrine/toilet,Yes,Ash,Yes,Improved,Basic,Never,Never,Never,Never,Never,Never,Never,Never,Never,Never,Never,Never,0,No-to-marginal
2025-06-20,Endline,Moma,Mieie,Female,4,Borehole with handpump,Yes,60,5,15,25,Satisfied,NA,Latrine/toilet,Yes,Ash,Yes,Improved,Basic,Never,Never,Never,Never,Never,Never,Never,Never,Never,Never,Never,Never,0,No-to-marginal
2025-06-20,Endline,Moma,Mieie,Female,2,Borehole with handpump,Yes,40,5,10,20,Satisfied,NA,Latrine/toilet,Yes,Ash,Yes,Improved,Basic,Never,Never,Never,Never,Never,Never,Never,Never,Never,Never,Never,Never,0,No-to-marginal
2025-06-20,Endline,Moma,Mieie,Female,7,Borehole with handpump,Yes,100,5,10,20,Satisfied,NA,Latrine/toilet,Yes,Ash,Yes,Improved,Basic,Never,Never,Never,Never,Never,Never,Never,Never,Never,Never,Never,Never,0,No-to-marginal
2025-06-17,Endline,Memba,Monapo,Female,4,Borehole with handpump,Yes,60,5,20,30,Satisfied,NA,Latrine/toilet,Yes,Ash,Yes,Improved,Basic,Never,Never,Never,Never,Never,Never,Never,Never,Never,Never,Never,Never,0,No-to-marginal
2025-06-17,Endline,Memba,Monapo,Female,5,Borehole with handpump,Yes,160,5,20,30,Satisfied,NA,Latrine/toilet,Yes,Soap,Yes,Improved,Basic,Never,Never,Never,Never,Never,Never,Never,Never,Never,Never,Never,Never,0,No-to-marginal
2025-06-17,Endline,Memba,Monapo,Female,4,Borehole with handpump,Yes,30,3,15,21,Satisfied,NA,Latrine/toilet,Yes,Soap,Yes,Improved,Basic,Never,Never,Never,Never,Never,Never,Never,Never,Never,Never,Never,Never,0,No-to-marginal
2025-06-24,Endline,Larde,Mpaheia,Female,7,Borehole with handpump,Yes,60,8,10,26,Satisfied,NA,Latrine/toilet,Yes,Ash,Yes,Improved,Basic,Never,Never,Never,Never,Never,Never,Never,Never,Never,Never,Never,Never,0,No-to-marginal
2025-06-24,Endline,Larde,Mpaheia,Male,5,Borehole with handpump,Yes,40,5,10,20,Satisfied,NA,Latrine/toilet,Yes,Soap,Yes,Improved,Basic,Never,Never,Never,Never,Never,Never,Never,Never,Never,Never,Never,Never,0,No-to-marginal
2025-06-24,Endline,Larde,Mpaheia,Female,4,Borehole with handpump,Yes,40,10,10,30,Satisfied,NA,Latrine/toilet,Yes,Ash,Yes,Improved,Basic,Never,Never,Never,Never,Never,Never,Never,Never,Never,Never,Never,Never,0,No-to-marginal
2025-06-23,Endline,Larde,Namichir,Female,15,Borehole with handpump,No,0,10,10,30,Satisfied,NA,Latrine/toilet,Yes,Soap,Yes,Improved,Basic,Never,Never,Never,Never,Never,Never,Never,Never,Never,Never,Never,Never,0,No-to-marginal
2025-06-23,Endline,Larde,Namichir,Female,4,Borehole with handpump,Yes,20,4,20,28,Satisfied,NA,Latrine/toilet,Yes,Ash,Yes,Improved,Basic,Never,Never,Never,Never,Never,Never,Never,Never,Never,Never,Never,Never,0,No-to-marginal
2025-06-23,Endline,Larde,Namichir,Female,6,Borehole with handpump,Yes,80,5,15,25,Satisfied,NA,Latrine/toilet,Yes,Ash,Yes,Improved,Basic,Never,Never,Never,Never,Never,Never,Never,Never,Never,Never,Never,Never,0,No-to-marginal
2025-06-23,Endline,Larde,Namichir,Female,1,Borehole with handpump,Yes,40,5,10,20,Satisfied,NA,Latrine/toilet,Yes,Ash,Yes,Improved,Basic,Never,Never,Never,Never,Never,Never,Never,Never,Never,Never,Never,Never,0,No-to-marginal
2025-06-23,Endline,Larde,Namichir,Female,6,Borehole with handpump,Yes,100,5,10,20,Satisfied,NA,Latrine/toilet,Yes,Ash,Yes,Improved,Basic,Never,Rarely,Rarely,Rarely,Rarely,Never,Never,Never,Never,Never,Never,Never,4,Low
2025-06-23,Endline,Larde,Namichir,Female,5,Borehole with handpump,Yes,20,4,3,11,Satisfied,NA,Latrine/toilet,Yes,Soap,Yes,Improved,Basic,Never,Never,Never,Never,Never,Never,Never,Never,Never,Never,Never,Never,0,No-to-marginal
2025-06-26,Endline,Mecuburi,Nanrele,Female,6,Borehole with handpump,Yes,80,1,20,22,Satisfied,NA,Latrine/toilet,Yes,Ash,Yes,Improved,Basic,Never,Never,Never,Never,Never,Never,Never,Never,Never,Never,Never,Never,0,No-to-marginal
2025-06-26,Endline,Mecuburi,Nanrele,Male,9,Borehole with handpump,Yes,100,5,20,30,Satisfied,NA,Latrine/toilet,Yes,Soap,Yes,Improved,Basic,Never,Never,Never,Never,Never,Never,Never,Never,Never,Never,Never,Never,0,No-to-marginal
2025-06-17,Endline,Memba,Nihola,Female,6,Borehole with handpump,Yes,110,2,10,14,Satisfied,NA,Latrine/toilet,Yes,Ash,Yes,Improved,Basic,Never,Never,Never,Never,Never,Never,Never,Never,Never,Never,Never,Never,0,No-to-marginal
2025-06-17,Endline,Memba,Nihola,Female,4,Borehole with handpump,Yes,60,5,10,20,Satisfied,NA,In the open/no sanitation facilities,No,NA,NA,Improved,Basic,Never,Never,Never,Never,Never,Never,Never,Never,Never,Never,Never,Never,0,No-to-marginal
2025-06-17,Endline,Memba,Nihola,Female,5,Borehole with handpump,Yes,60,7,2,16,Satisfied,NA,Latrine/toilet,Yes,Soap,Yes,Improved,Basic,Never,Never,Never,Rarely,Never,Never,Never,Never,Never,Never,Never,Never,1,No-to-marginal
2025-06-17,Endline,Memba,Valdemar,Female,7,Borehole with handpump,Yes,40,5,15,25,Satisfied,NA,Latrine/toilet,Yes,Ash,Yes,Improved,Basic,Never,Never,Never,Never,Never,Never,Never,Never,Never,Never,Never,Never,0,No-to-marginal
2025-06-23,Endline,Larde,Macuire,Female,5,Protected dug well,Yes,60,10,2,22,Not Satisfied,"Water has a bad smell, color, or quality",Latrine/toilet,Yes,Ash,Yes,Improved,Basic,Never,Never,Never,Never,Never,Never,Never,Never,Never,Never,Never,Never,0,No-to-marginal
2025-06-18,Endline,Memba,Cruzamento dos velhos,Female,9,Borehole with handpump,Yes,60,15,20,50,Satisfied,NA,Latrine/toilet,Yes,Ash,Yes,Improved,Limited,Never,Never,Never,Never,Never,Never,Never,Never,Never,Never,Never,Never,0,No-to-marginal
2025-06-18,Endline,Memba,Cruzamento dos velhos,Female,6,Borehole with handpump,Yes,100,15,20,50,Satisfied,NA,Latrine/toilet,Yes,Soap,Yes,Improved,Limited,Never,Never,Never,Never,Never,Never,Never,Never,Never,Never,Never,Never,0,No-to-marginal
2025-06-18,Endline,Memba,Cruzamento dos velhos,Female,3,Borehole with handpump,Yes,80,15,30,60,Not Satisfied,Long lines,Latrine/toilet,Yes,Ash,Yes,Improved,Limited,Never,Never,Rarely,Never,Never,Never,Never,Never,Never,Never,Never,Never,1,No-to-marginal
2025-06-18,Endline,Memba,Cruzamento dos velhos,Female,3,Borehole with handpump,Yes,60,20,15,55,Satisfied,NA,Latrine/toilet,Yes,Soap,Yes,Improved,Limited,Never,Never,Never,Never,Never,Never,Never,Never,Never,Never,Never,Never,0,No-to-marginal
2025-06-21,Endline,Moma,Jacagiua,Male,10,Borehole with handpump,Yes,100,5,30,40,Satisfied,NA,Latrine/toilet,Yes,Ash,Yes,Improved,Limited,Never,Never,Never,Never,Never,Never,Never,Never,Never,Never,Never,Never,0,No-to-marginal
2025-06-21,Endline,Moma,Jacagiua,Female,6,Borehole with handpump,Yes,60,8,20,36,Satisfied,NA,Latrine/toilet,Yes,Ash,Yes,Improved,Limited,Never,Never,Never,Never,Never,Never,Never,Never,Never,Never,Never,Never,0,No-to-marginal
2025-06-21,Endline,Moma,Jacagiua,Female,3,Borehole with handpump,Yes,60,5,30,40,Satisfied,NA,Latrine/toilet,Yes,Ash,Yes,Improved,Limited,Never,Never,Never,Never,Never,Never,Never,Never,Never,Never,Never,Never,0,No-to-marginal
2025-06-21,Endline,Moma,Jacagiua,Female,5,Borehole with handpump,Yes,60,13,30,56,Not Satisfied,Water tastes bad,Latrine/toilet,Yes,Ash,Yes,Improved,Limited,Never,Never,Never,Never,Never,Never,Never,Never,Never,Never,Never,Never,0,No-to-marginal
2025-06-21,Endline,Moma,Jacagiua,Female,7,Borehole with handpump,Yes,60,8,20,36,Satisfied,NA,Latrine/toilet,Yes,Ash,Yes,Improved,Limited,Never,Never,Never,Never,Never,Never,Never,Never,Never,Never,Never,Never,0,No-to-marginal
2024-11-13,Baseline,Memba,Lusaka,Male,6,Borehole with handpump,Yes,80,20,30,70,Not Satisfied,Long lines,Latrine/toilet,Yes,Ash,Yes,Improved,Limited,Sometimes,Sometimes,Sometimes,Sometimes,Rarely,Rarely,Sometimes,Rarely,Sometimes,Rarely,Sometimes,Sometimes,20,Moderate
2024-11-13,Baseline,Memba,Lusaka,Female,7,Borehole with handpump,Yes,100,15,120,150,Not Satisfied,Long lines,Latrine/toilet,Yes,Ash,Yes,Improved,Limited,Sometimes,Sometimes,Sometimes,Sometimes,Rarely,Rarely,Sometimes,Rarely,Often,Rarely,Sometimes,Often,22,Moderate
2025-06-17,Endline,Memba,Lusaka,Female,10,Borehole with handpump,Yes,80,10,15,35,Satisfied,NA,Latrine/toilet,Yes,Ash,Yes,Improved,Limited,Never,Never,Never,Never,Never,Never,Never,Never,Never,Never,Never,Never,0,No-to-marginal
2025-06-17,Endline,Memba,Lusaka,Female,4,Borehole with handpump,Yes,100,5,30,40,Satisfied,NA,Latrine/toilet,Yes,Ash,Yes,Improved,Limited,Never,Never,Never,Never,Never,Never,Never,Never,Never,Never,Never,Never,0,No-to-marginal
2025-06-17,Endline,Memba,Lusaka,Female,4,Borehole with handpump,Yes,100,5,30,40,Satisfied,NA,Latrine/toilet,Yes,Ash,No,Improved,Limited,Never,Never,Never,Never,Never,Never,Never,Never,Never,Never,Never,Never,0,No-to-marginal
2025-06-17,Endline,Memba,Lusaka,Female,4,Borehole with handpump,Yes,40,15,20,50,Satisfied,NA,Latrine/toilet,Yes,Ash,Yes,Improved,Limited,Never,Never,Never,Never,Never,Never,Never,Never,Never,Never,Never,Never,0,No-to-marginal
2025-06-24,Endline,Memba,Lusaka,Female,4,Borehole with handpump,Yes,100,5,60,70,Satisfied,NA,Latrine/toilet,Yes,Ash,Yes,Improved,Limited,Never,Never,Never,Never,Never,Never,Never,Never,Never,Never,Never,Never,0,No-to-marginal
2025-06-17,Endline,Memba,Lusaka,Female,7,Borehole with handpump,Yes,50,15,40,70,Satisfied,NA,Latrine/toilet,Yes,Soap,Yes,Improved,Limited,Never,Never,Never,Never,Never,Never,Never,Never,Never,Never,Never,Never,0,No-to-marginal
2025-06-17,Endline,Memba,Lusaka,Female,6,Borehole with handpump,Yes,100,5,60,70,Satisfied,NA,Latrine/toilet,Yes,Soap,Yes,Improved,Limited,Never,Never,Never,Never,Never,Never,Never,Never,Never,Never,Never,Never,0,No-to-marginal
2025-06-23,Endline,Larde,Macuire,Female,3,Borehole with handpump,Yes,20,10,20,40,Satisfied,NA,Latrine/toilet,Yes,Ash,Yes,Improved,Limited,Never,Never,Never,Never,Never,Never,Never,Never,Never,Never,Never,Never,0,No-to-marginal
2025-06-23,Endline,Larde,Macuire,Female,8,Borehole with handpump,Yes,20,10,15,35,Satisfied,NA,Latrine/toilet,Yes,Soap,Yes,Improved,Limited,Never,Never,Never,Never,Never,Never,Never,Never,Never,Never,Never,Never,0,No-to-marginal
2025-06-23,Endline,Larde,Macuire,Male,5,Borehole with handpump,Yes,80,30,45,105,Satisfied,NA,Latrine/toilet,Yes,Soap,Yes,Improved,Limited,Sometimes,Rarely,Rarely,Never,Rarely,Rarely,Never,Rarely,Rarely,Never,Rarely,Rarely,10,Low
2025-06-18,Endline,Memba,Matata,Female,11,Borehole with handpump,Yes,80,8,90,106,Satisfied,NA,Latrine/toilet,Yes,Ash,Yes,Improved,Limited,Never,Never,Never,Rarely,Rarely,Rarely,Never,Never,Never,Never,Never,Never,3,Low
2025-06-18,Endline,Memba,Matata,Female,5,Borehole with handpump,Yes,80,1,45,47,Satisfied,NA,Latrine/toilet,Yes,Ash,Yes,Improved,Limited,Never,Never,Never,Never,Never,Never,Never,Never,Never,Never,Never,Never,0,No-to-marginal
2025-06-18,Endline,Memba,Matata,Female,4,Borehole with handpump,Yes,40,5,60,70,Satisfied,NA,Latrine/toilet,Yes,Ash,Yes,Improved,Limited,Rarely,Never,Rarely,Never,Never,Never,Never,Never,Never,Never,Never,Never,2,No-to-marginal
2025-06-18,Endline,Memba,Matata,Female,10,Borehole with handpump,Yes,100,10,30,50,Satisfied,NA,Latrine/toilet,Yes,Ash,Yes,Improved,Limited,Never,Never,Never,Never,Never,Never,Never,Never,Never,Never,Never,Never,0,No-to-marginal
2025-06-18,Endline,Memba,Matata,Female,3,Borehole with handpump,Yes,20,10,15,35,Satisfied,NA,Latrine/toilet,Yes,Ash,Yes,Improved,Limited,Never,Never,Never,Never,Never,Never,Never,Never,Never,Never,Never,Never,0,No-to-marginal
2025-06-18,Endline,Memba,Matata,Female,5,Borehole with handpump,Yes,80,15,20,50,Satisfied,NA,In the open/no sanitation facilities,Yes,Ash,Yes,Improved,Limited,Never,Never,Never,Never,Never,Never,Never,Never,Never,Never,Never,Never,0,No-to-marginal
2025-06-18,Endline,Memba,Matata,Female,7,Borehole with handpump,Yes,80,15,30,60,Satisfied,NA,Latrine/toilet,Yes,Ash,Yes,Improved,Limited,Never,Never,Never,Never,Never,Never,Never,Never,Never,Never,Never,Never,0,No-to-marginal
2025-06-18,Endline,Memba,Matata,Female,5,Borehole with handpump,Yes,80,7,20,34,Satisfied,NA,Latrine/toilet,Yes,Soap,Yes,Improved,Limited,Never,Never,Never,Never,Never,Never,Never,Never,Never,Never,Never,Never,0,No-to-marginal
2025-06-18,Endline,Memba,Matata,Female,6,Borehole with handpump,No,0,15,10,40,Satisfied,NA,Latrine/toilet,Yes,Ash,Yes,Improved,Limited,Never,Never,Never,Never,Never,Never,Never,Never,Never,Never,Never,Never,0,No-to-marginal
2024-11-13,Baseline,Memba,Miaja,Female,5,Borehole with handpump,Yes,45,60,90,210,Not Satisfied,Long lines,In the open/no sanitation facilities,Yes,Soap,Yes,Improved,Limited,Sometimes,Sometimes,Sometimes,Sometimes,Sometimes,Sometimes,Sometimes,Sometimes,Sometimes,Sometimes,Sometimes,Rarely,23,Moderate
2024-11-13,Baseline,Memba,Miaja,Female,3,Borehole with handpump,Yes,70,50,120,220,Not Satisfied,It is too expensive,In the open/no sanitation facilities,Yes,Ash,Yes,Improved,Limited,Rarely,Rarely,Sometimes,Sometimes,Sometimes,Sometimes,Sometimes,Sometimes,Rarely,Sometimes,Rarely,Sometimes,20,Moderate
2024-11-13,Baseline,Memba,Miaja,Female,7,Borehole with handpump,Yes,120,20,90,130,Not Satisfied,Other,In the open/no sanitation facilities,Yes,Ash,Yes,Improved,Limited,Sometimes,Sometimes,Sometimes,Sometimes,Sometimes,Rarely,Sometimes,Sometimes,Rarely,Sometimes,Sometimes,Sometimes,22,Moderate
2024-11-13,Baseline,Memba,Miaja,Female,6,Borehole with handpump,Yes,100,20,120,160,Not Satisfied,Long lines,Latrine/toilet,Yes,Ash,No,Improved,Limited,Often,Often,Sometimes,Sometimes,Often,Often,Often,Often,Always,Sometimes,Often,Always,33,High
2024-11-13,Baseline,Memba,Miaja,Female,5,Borehole with handpump,Yes,40,20,60,100,Not Satisfied,Long lines,Latrine/toilet,Yes,Soap,Yes,Improved,Limited,Sometimes,Never,Never,Never,Rarely,Sometimes,Often,Sometimes,Often,Never,Rarely,Sometimes,16,Moderate
2024-11-13,Baseline,Memba,Miaja,Female,4,Borehole with handpump,Yes,20,20,180,220,Not Satisfied,Long lines,Latrine/toilet,Yes,Ash,Yes,Improved,Limited,Often,Never,Often,Sometimes,Sometimes,Often,Often,Often,Often,Sometimes,Often,Often,30,High
2025-06-17,Endline,Memba,Miaja,Female,8,Borehole with handpump,Yes,90,8,20,36,Satisfied,NA,In the open/no sanitation facilities,No,NA,NA,Improved,Limited,Never,Never,Never,Never,Never,Never,Never,Never,Never,Never,Never,Never,0,No-to-marginal
2025-06-17,Endline,Memba,Miaja,Female,7,Borehole with handpump,Yes,60,10,20,40,Satisfied,NA,Latrine/toilet,Yes,Ash,Yes,Improved,Limited,Never,Never,Never,Never,Never,Never,Never,Never,Never,Never,Never,Never,0,No-to-marginal
2025-06-17,Endline,Memba,Miaja,Female,5,Borehole with handpump,Yes,30,15,20,50,Satisfied,NA,Latrine/toilet,Yes,Ash,Yes,Improved,Limited,Never,Never,Never,Never,Never,Never,Never,Never,Never,Never,Never,Never,0,No-to-marginal
2025-06-17,Endline,Memba,Miaja,Female,3,Borehole with handpump,Yes,100,15,40,70,Satisfied,NA,Latrine/toilet,Yes,Ash,Yes,Improved,Limited,Never,Never,Never,Never,Never,Never,Never,Never,Never,Never,Never,Never,0,No-to-marginal
2025-06-17,Endline,Memba,Miaja,Female,7,Borehole with handpump,Yes,100,10,20,40,Satisfied,NA,Latrine/toilet,Yes,Soap,Yes,Improved,Limited,Never,Never,Never,Never,Never,Never,Never,Never,Never,Never,Never,Never,0,No-to-marginal
2025-06-17,Endline,Memba,Miaja,Female,6,Borehole with handpump,Yes,80,10,30,50,Satisfied,NA,Latrine/toilet,Yes,Ash,Yes,Improved,Limited,Never,Never,Never,Never,Never,Never,Never,Never,Never,Never,Never,Never,0,No-to-marginal
2025-06-17,Endline,Memba,Miaja,Female,6,Borehole with handpump,Yes,60,14,30,58,Satisfied,NA,Latrine/toilet,Yes,Soap,Yes,Improved,Limited,Never,Never,Never,Never,Never,Never,Never,Never,Never,Never,Never,Never,0,No-to-marginal
2025-06-17,Endline,Memba,Miaja,Female,6,Borehole with handpump,Yes,80,20,25,65,Satisfied,NA,Latrine/toilet,Yes,Soap,Yes,Improved,Limited,Never,Never,Never,Never,Never,Never,Never,Never,Never,Never,Never,Never,0,No-to-marginal
2024-11-17,Baseline,Moma,Mieie,Male,3,Borehole with handpump,Yes,40,60,40,160,Not Satisfied,It is too far away,In the open/no sanitation facilities,Yes,Ash,Yes,Improved,Limited,Often,Sometimes,Sometimes,Sometimes,Sometimes,Sometimes,Sometimes,Sometimes,Often,Sometimes,Sometimes,Often,27,High
2025-06-20,Endline,Moma,Mieie,Female,5,Borehole with handpump,Yes,20,10,20,40,Satisfied,NA,In the open/no sanitation facilities,Yes,Ash,Yes,Improved,Limited,Never,Never,Never,Never,Never,Never,Never,Never,Never,Never,Never,Never,0,No-to-marginal
2025-06-20,Endline,Moma,Mieie,Female,3,Borehole with handpump,Yes,20,30,35,95,Satisfied,NA,In the open/no sanitation facilities,Yes,Ash,Yes,Improved,Limited,Never,Never,Never,Never,Never,Never,Never,Never,Never,Never,Never,Never,0,No-to-marginal
2025-06-20,Endline,Moma,Mieie,Female,5,Borehole with handpump,Yes,40,15,5,35,Satisfied,NA,Latrine/toilet,Yes,Soap,Yes,Improved,Limited,Never,Never,Never,Never,Never,Never,Never,Never,Never,Never,Never,Never,0,No-to-marginal
2024-11-13,Baseline,Memba,Monapo,Female,4,Borehole with handpump,Yes,100,30,120,180,Not Satisfied,It is too far away,In the open/no sanitation facilities,Yes,Soap,No,Improved,Limited,Sometimes,Rarely,Often,Always,Sometimes,Sometimes,Sometimes,Sometimes,Often,Often,Sometimes,Sometimes,27,High
2024-11-13,Baseline,Memba,Monapo,Female,7,Borehole with handpump,Yes,120,40,90,170,Not Satisfied,Long lines,Latrine/toilet,Yes,Soap,Yes,Improved,Limited,Often,Never,Sometimes,Sometimes,Sometimes,Sometimes,Sometimes,Rarely,Rarely,Rarely,Often,Sometimes,21,Moderate
2024-11-13,Baseline,Memba,Monapo,Female,3,Borehole with handpump,Yes,20,20,240,280,Not Satisfied,It is too far away,Latrine/toilet,Yes,None shown,Yes,Improved,Limited,Sometimes,Never,Sometimes,Rarely,Never,Rarely,Never,Sometimes,Sometimes,Sometimes,Sometimes,Rarely,15,Moderate
2024-11-13,Baseline,Memba,Monapo,Female,4,Borehole with handpump,Yes,60,35,60,130,Not Satisfied,It is too far away,Latrine/toilet,Yes,Ash,Yes,Improved,Limited,Sometimes,Never,Sometimes,Sometimes,Sometimes,Sometimes,Sometimes,Sometimes,Often,Never,Sometimes,Rarely,20,Moderate
2024-11-13,Baseline,Memba,Monapo,Female,4,Borehole with handpump,Yes,100,10,60,80,Not Satisfied,It is too far away,Latrine/toilet,Yes,Soap,Yes,Improved,Limited,Often,Never,Never,Rarely,Never,Never,Never,Rarely,Rarely,Never,Rarely,Rarely,8,Low
2024-11-13,Baseline,Memba,Monapo,Female,5,Borehole with handpump,Yes,120,20,40,80,Not Satisfied,Long lines,In the open/no sanitation facilities,Yes,Soap,Yes,Improved,Limited,Sometimes,Sometimes,Rarely,Sometimes,Sometimes,Sometimes,Sometimes,Rarely,Sometimes,Sometimes,Sometimes,Sometimes,22,Moderate
2024-11-13,Baseline,Memba,Monapo,Female,5,Borehole with handpump,Yes,100,20,90,130,Not Satisfied,Long lines,In the open/no sanitation facilities,Yes,Soap,Yes,Improved,Limited,Sometimes,Sometimes,Sometimes,Sometimes,Sometimes,Rarely,Sometimes,Sometimes,Sometimes,Sometimes,Sometimes,Sometimes,23,Moderate
2024-11-13,Baseline,Memba,Monapo,Female,3,Borehole with handpump,Yes,60,20,60,100,Not Satisfied,It is too expensive,In the open/no sanitation facilities,Yes,Soap,Yes,Improved,Limited,Sometimes,Often,Rarely,Rarely,Sometimes,Sometimes,Sometimes,Sometimes,Sometimes,Sometimes,Sometimes,Sometimes,23,Moderate
2025-06-17,Endline,Memba,Monapo,Female,5,Borehole with handpump,Yes,60,20,30,70,Satisfied,NA,Latrine/toilet,Yes,Ash,Yes,Improved,Limited,Never,Never,Never,Never,Never,Never,Never,Never,Never,Never,Never,Never,0,No-to-marginal
2025-06-17,Endline,Memba,Monapo,Female,7,Borehole with handpump,Yes,60,15,20,50,Satisfied,NA,In the open/no sanitation facilities,Yes,Ash,Yes,Improved,Limited,Never,Never,Never,Never,Never,Never,Never,Never,Never,Never,Never,Never,0,No-to-marginal
2025-06-17,Endline,Memba,Monapo,Female,10,Borehole with handpump,Yes,140,20,50,90,Satisfied,NA,Latrine/toilet,Yes,Ash,Yes,Improved,Limited,Never,Never,Never,Never,Never,Never,Never,Never,Never,Never,Never,Never,0,No-to-marginal
2025-06-17,Endline,Memba,Monapo,Female,5,Borehole with handpump,Yes,70,10,30,50,Satisfied,NA,Latrine/toilet,Yes,Ash,Yes,Improved,Limited,Never,Never,Never,Never,Never,Never,Never,Never,Never,Never,Never,Never,0,No-to-marginal
2025-06-17,Endline,Memba,Monapo,Male,8,Borehole with handpump,Yes,120,10,50,70,Satisfied,NA,Latrine/toilet,Yes,Soap,Yes,Improved,Limited,Never,Never,Never,Never,Never,Never,Never,Never,Never,Never,Never,Never,0,No-to-marginal
2025-06-17,Endline,Memba,Monapo,Female,5,Borehole with handpump,Yes,100,15,20,50,Satisfied,NA,Latrine/toilet,Yes,Soap,Yes,Improved,Limited,Never,Never,Never,Never,Never,Never,Never,Never,Never,Never,Never,Never,0,No-to-marginal
2025-06-17,Endline,Memba,Monapo,Female,5,Borehole with handpump,Yes,80,10,30,50,Satisfied,NA,In the open/no sanitation facilities,Yes,Ash,Yes,Improved,Limited,Never,Never,Never,Never,Never,Never,Never,Never,Never,Never,Never,Never,0,No-to-marginal
2025-06-24,Endline,Larde,Mpaheia,Female,5,Borehole with handpump,Yes,40,10,20,40,Satisfied,NA,Latrine/toilet,Yes,Ash,Yes,Improved,Limited,Never,Never,Never,Never,Never,Never,Never,Never,Never,Never,Never,Never,0,No-to-marginal
2025-06-24,Endline,Larde,Mpaheia,Female,7,Borehole with handpump,Yes,40,15,20,50,Satisfied,NA,Latrine/toilet,Yes,Soap,Yes,Improved,Limited,Never,Never,Never,Never,Never,Never,Never,Never,Never,Never,Never,Never,0,No-to-marginal
2025-06-24,Endline,Larde,Mpaheia,Female,6,Borehole with handpump,Yes,30,10,20,40,Satisfied,NA,Latrine/toilet,Yes,Ash,Yes,Improved,Limited,Never,Never,Never,Never,Never,Never,Never,Never,Never,Never,Never,Never,0,No-to-marginal
2025-06-24,Endline,Larde,Mpaheia,Female,3,Borehole with handpump,Yes,85,10,40,60,Satisfied,NA,Latrine/toilet,Yes,Soap,Yes,Improved,Limited,Never,Never,Never,Never,Never,Never,Never,Never,Never,Never,Never,Never,0,No-to-marginal
2025-06-24,Endline,Larde,Mpaheia,Female,8,Borehole with handpump,Yes,110,20,45,85,Satisfied,NA,Latrine/toilet,Yes,Soap,Yes,Improved,Limited,Never,Never,Never,Never,Never,Never,Never,Never,Never,Never,Never,Never,0,No-to-marginal
2025-06-24,Endline,Larde,Mpaheia,Female,3,Borehole with handpump,Yes,160,5,30,40,Satisfied,NA,Latrine/toilet,Yes,Soap,Yes,Improved,Limited,Never,Never,Never,Never,Never,Never,Never,Never,Never,Never,Never,Never,0,No-to-marginal
2025-06-24,Endline,Larde,Mpaheia,Female,3,Borehole with handpump,Yes,50,10,20,40,Satisfied,NA,Latrine/toilet,Yes,Ash,Yes,Improved,Limited,Never,Never,Never,Never,Never,Never,Never,Never,Never,Never,Never,Never,0,No-to-marginal
2025-06-23,Endline,Larde,Namichir,Female,6,Borehole with handpump,Yes,90,30,45,105,Satisfied,NA,Latrine/toilet,Yes,Soap,Yes,Improved,Limited,Never,Never,Never,Never,Never,Never,Never,Never,Never,Never,Never,Never,0,No-to-marginal
2025-06-24,Endline,Larde,Namichir,Female,3,Borehole with handpump,Yes,100,2,30,34,Satisfied,NA,Latrine/toilet,Yes,Soap,Yes,Improved,Limited,Never,Never,Never,Never,Never,Never,Never,Never,Never,Never,Never,Never,0,No-to-marginal
2025-06-23,Endline,Larde,Namichir,Female,5,Borehole with handpump,Yes,30,4,40,48,Satisfied,NA,Latrine/toilet,Yes,Ash,Yes,Improved,Limited,Never,Never,Never,Never,Never,Never,Never,Never,Never,Never,Never,Never,0,No-to-marginal
2025-06-23,Endline,Larde,Namichir,Female,4,Borehole with handpump,Yes,60,3,40,46,Satisfied,NA,In the open/no sanitation facilities,Yes,Ash,Yes,Improved,Limited,Never,Never,Never,Never,Never,Never,Never,Never,Never,Never,Never,Never,0,No-to-marginal
2025-06-23,Endline,Larde,Namichir,Female,7,Borehole with handpump,Yes,100,5,40,50,Satisfied,NA,Latrine/toilet,Yes,Other cleanser or detergent,Yes,Improved,Limited,Never,Never,Never,Never,Never,Never,Never,Never,Never,Never,Never,Never,0,No-to-marginal
2025-06-23,Endline,Larde,Namichir,Female,6,Borehole with handpump,Yes,80,25,45,95,Satisfied,NA,Latrine/toilet,Yes,Soap,Yes,Improved,Limited,Never,Never,Never,Never,Never,Never,Never,Never,Never,Never,Never,Never,0,No-to-marginal
2025-06-23,Endline,Larde,Namichir,Female,8,Borehole with handpump,Yes,40,5,30,40,Satisfied,NA,Latrine/toilet,Yes,Soap,Yes,Improved,Limited,Never,Never,Never,Never,Never,Never,Never,Never,Never,Never,Never,Never,0,No-to-marginal
2025-06-23,Endline,Larde,Namichir,Female,5,Borehole with handpump,Yes,40,8,15,31,Satisfied,NA,Latrine/toilet,Yes,Soap,Yes,Improved,Limited,Never,Never,Never,Never,Never,Never,Never,Never,Never,Never,Never,Never,0,No-to-marginal
2025-06-23,Endline,Larde,Namichir,Female,8,Borehole with handpump,Yes,60,3,30,36,Not Satisfied,Water tastes bad,Latrine/toilet,Yes,Ash,Yes,Improved,Limited,Never,Never,Never,Never,Never,Never,Never,Never,Never,Never,Never,Never,0,No-to-marginal
2025-06-23,Endline,Larde,Namichir,Female,6,Borehole with handpump,Yes,60,6,25,37,Not Satisfied,Water tastes bad,Latrine/toilet,Yes,Ash,Yes,Improved,Limited,Rarely,Never,Never,Never,Never,Never,Never,Never,Rarely,Never,Never,Never,2,No-to-marginal
2025-06-23,Endline,Larde,Namichir,Female,4,Borehole with handpump,Yes,110,35,20,90,Satisfied,NA,Latrine/toilet,Yes,Soap,Yes,Improved,Limited,Never,Never,Never,Never,Never,Never,Never,Never,Never,Never,Never,Never,0,No-to-marginal
2025-06-23,Endline,Larde,Namichir,Female,6,Borehole with handpump,Yes,60,15,25,55,Satisfied,NA,Latrine/toilet,Yes,Soap,Yes,Improved,Limited,Never,Never,Never,Never,Never,Never,Never,Never,Never,Never,Never,Never,0,No-to-marginal
2025-06-23,Endline,Larde,Namichir,Female,1,Borehole with handpump,Yes,40,15,8,38,Satisfied,NA,Latrine/toilet,Yes,None shown,Yes,Improved,Limited,Never,Never,Never,Never,Never,Never,Never,Never,Never,Never,Never,Never,0,No-to-marginal
2025-06-23,Endline,Larde,Namichir,Female,3,Borehole with handpump,Yes,40,15,20,50,Satisfied,NA,Latrine/toilet,Yes,Soap,Yes,Improved,Limited,Never,Never,Never,Never,Never,Never,Never,Never,Never,Never,Never,Never,0,No-to-marginal
2025-06-26,Endline,Mecuburi,Nanrele,Female,2,Borehole with handpump,Yes,20,15,35,65,Satisfied,NA,Latrine/toilet,Yes,Ash,Yes,Improved,Limited,Never,Never,Never,Never,Never,Never,Never,Never,Never,Never,Never,Never,0,No-to-marginal
2025-06-26,Endline,Mecuburi,Nanrele,Female,4,Borehole with handpump,Yes,50,8,20,36,Satisfied,NA,Latrine/toilet,Yes,Ash,Yes,Improved,Limited,Never,Never,Never,Never,Never,Never,Never,Never,Never,Never,Never,Never,0,No-to-marginal
2025-06-26,Endline,Mecuburi,Nanrele,Female,2,Borehole with handpump,Yes,40,5,30,40,Satisfied,NA,Latrine/toilet,Yes,Ash,Yes,Improved,Limited,Never,Never,Never,Never,Never,Never,Never,Never,Never,Never,Never,Never,0,No-to-marginal
2025-06-26,Endline,Mecuburi,Nanrele,Female,4,Borehole with handpump,Yes,205,35,120,190,Satisfied,NA,Latrine/toilet,Yes,Soap,Yes,Improved,Limited,Never,Never,Never,Never,Never,Never,Never,Never,Never,Never,Never,Never,0,No-to-marginal
2025-06-26,Endline,Mecuburi,Nanrele,Female,6,Borehole with handpump,Yes,120,30,60,120,Satisfied,NA,Latrine/toilet,Yes,Soap,Yes,Improved,Limited,Never,Never,Never,Never,Never,Never,Never,Never,Never,Never,Never,Never,0,No-to-marginal
2025-06-26,Endline,Mecuburi,Nanrele,Female,3,Borehole with handpump,Yes,40,18,25,61,Satisfied,NA,Latrine/toilet,Yes,Soap,Yes,Improved,Limited,Never,Never,Never,Never,Never,Never,Never,Never,Never,Never,Never,Never,0,No-to-marginal
2025-06-26,Endline,Mecuburi,Nanrele,Female,6,Borehole with handpump,Yes,50,15,25,55,Satisfied,NA,Latrine/toilet,Yes,Ash,Yes,Improved,Limited,Never,Never,Never,Never,Never,Never,Never,Never,Never,Never,Never,Never,0,No-to-marginal
2025-06-26,Endline,Mecuburi,Nanrele,Female,1,Borehole with handpump,Yes,80,17,28,62,Satisfied,NA,Latrine/toilet,Yes,Ash,Yes,Improved,Limited,Never,Never,Never,Never,Never,Never,Never,Never,Never,Never,Never,Never,0,No-to-marginal
2025-06-17,Endline,Memba,Nihola,Female,5,Borehole with handpump,Yes,40,15,30,60,Satisfied,NA,Latrine/toilet,Yes,Ash,Yes,Improved,Limited,Never,Never,Never,Never,Never,Never,Never,Never,Never,Never,Never,Never,0,No-to-marginal
2025-06-14,Endline,Memba,Nihola,Male,5,Borehole with handpump,Yes,140,10,20,40,Satisfied,NA,Latrine/toilet,Yes,Ash,Yes,Improved,Limited,Sometimes,Rarely,Rarely,Rarely,Rarely,Rarely,Rarely,Rarely,Rarely,Never,Rarely,Rarely,12,Moderate
2025-06-17,Endline,Memba,Nihola,Female,3,Borehole with handpump,Yes,50,10,30,50,Satisfied,NA,Latrine/toilet,Yes,Ash,Yes,Improved,Limited,Never,Never,Never,Never,Never,Never,Never,Never,Never,Never,Never,Never,0,No-to-marginal
2025-06-17,Endline,Memba,Nihola,Female,7,Borehole with handpump,Yes,50,15,30,60,Satisfied,NA,Latrine/toilet,Yes,Ash,Yes,Improved,Limited,Never,Never,Never,Never,Never,Never,Never,Never,Never,Never,Never,Never,0,No-to-marginal
2025-06-17,Endline,Memba,Nihola,Female,4,Borehole with handpump,Yes,100,10,25,45,Satisfied,NA,Latrine/toilet,Yes,Ash,Yes,Improved,Limited,Never,Never,Never,Never,Never,Never,Never,Never,Never,Never,Never,Never,0,No-to-marginal
2025-06-17,Endline,Memba,Nihola,Female,6,Borehole with handpump,Yes,100,10,60,80,Satisfied,NA,Latrine/toilet,Yes,Ash,Yes,Improved,Limited,Never,Never,Never,Never,Never,Never,Never,Never,Never,Never,Never,Never,0,No-to-marginal
2025-06-17,Endline,Memba,Nihola,Female,7,Borehole with handpump,Yes,30,10,15,35,Satisfied,NA,Latrine/toilet,Yes,None shown,Yes,Improved,Limited,Never,Never,Never,Never,Never,Never,Never,Never,Never,Never,Never,Never,0,No-to-marginal
2025-06-17,Endline,Memba,Nihola,Female,5,Borehole with handpump,Yes,40,8,30,46,Satisfied,NA,Latrine/toilet,Yes,Ash,Yes,Improved,Limited,Never,Never,Never,Never,Never,Never,Never,Never,Never,Never,Never,Never,0,No-to-marginal
2025-06-17,Endline,Memba,Valdemar,Female,5,Borehole with handpump,Yes,80,5,30,40,Satisfied,NA,Latrine/toilet,Yes,Ash,Yes,Improved,Limited,Never,Never,Never,Never,Never,Never,Never,Never,Never,Never,Never,Never,0,No-to-marginal
2025-06-17,Endline,Memba,Valdemar,Female,7,Borehole with handpump,Yes,160,15,20,50,Satisfied,NA,Latrine/toilet,Yes,Other cleanser or detergent,Yes,Improved,Limited,Never,Never,Never,Never,Never,Never,Never,Never,Never,Never,Never,Never,0,No-to-marginal
2025-06-17,Endline,Memba,Valdemar,Female,6,Borehole with handpump,Yes,100,10,20,40,Satisfied,NA,Latrine/toilet,Yes,Ash,Yes,Improved,Limited,Never,Never,Never,Never,Never,Never,Never,Never,Never,Never,Never,Never,0,No-to-marginal
2025-06-17,Endline,Memba,Valdemar,Female,5,Borehole with handpump,Yes,80,10,40,60,Satisfied,NA,Latrine/toilet,Yes,Ash,Yes,Improved,Limited,Never,Never,Never,Never,Never,Never,Never,Never,Never,Never,Never,Never,0,No-to-marginal
2025-06-17,Endline,Memba,Valdemar,Female,8,Borehole with handpump,No,0,20,28,68,Satisfied,NA,Latrine/toilet,Yes,Ash,Yes,Improved,Limited,Never,Never,Never,Never,Never,Never,Never,Never,Never,Never,Never,Never,0,No-to-marginal
2025-06-17,Endline,Memba,Valdemar,Female,5,Borehole with handpump,Yes,80,15,10,40,Satisfied,NA,Latrine/toilet,Yes,Ash,Yes,Improved,Limited,Never,Never,Never,Never,Never,Never,Never,Never,Never,Never,Never,Never,0,No-to-marginal
2025-06-17,Endline,Memba,Valdemar,Female,3,Borehole with handpump,Yes,40,15,20,50,Satisfied,NA,Latrine/toilet,Yes,Soap,Yes,Improved,Limited,Never,Never,Never,Never,Never,Never,Never,Never,Never,Never,Never,Never,0,No-to-marginal
2025-06-17,Endline,Memba,Valdemar,Female,1,Borehole with handpump,Yes,20,30,15,75,Satisfied,NA,Latrine/toilet,Yes,Ash,Yes,Improved,Limited,Never,Never,Never,Never,Never,Never,Never,Never,Never,Never,Never,Never,0,No-to-marginal
2025-06-17,Endline,Memba,Valdemar,Female,8,Borehole with handpump,Yes,40,15,25,55,Satisfied,NA,Latrine/toilet,Yes,Ash,Yes,Improved,Limited,Never,Never,Never,Never,Never,Never,Never,Never,Never,Never,Never,Never,0,No-to-marginal
2025-06-23,Endline,Larde,Macuire,Female,4,Protected dug well,Yes,50,2,30,34,Not Satisfied,"Water has a bad smell, color, or quality",Latrine/toilet,Yes,Ash,Yes,Improved,Limited,Sometimes,Rarely,Rarely,Never,Never,Never,Never,Never,Rarely,Never,Never,Rarely,6,Low
2024-11-17,Baseline,Moma,Mieie,Female,6,Protected dug well with handpump,Yes,70,30,180,240,Not Satisfied,Long lines,Latrine/toilet,Yes,None shown,Yes,Improved,Limited,Often,Often,Always,Always,Always,Often,Often,Often,Often,Often,Often,Always,36,High
2025-06-21,Endline,Moma,Jacagiua,Female,4,Public tap or standpipe,Yes,35,10,30,50,Satisfied,NA,Latrine/toilet,Yes,Soap,Yes,Improved,Limited,Never,Never,Never,Never,Never,Never,Never,Never,Never,Never,Never,Never,0,No-to-marginal
2024-11-14,Baseline,Memba,Matata,Female,4,Public tap or standpipe,Yes,30,15,50,80,Not Satisfied,Long lines,In the open/no sanitation facilities,Yes,Ash,Yes,Improved,Limited,Often,Sometimes,Often,Sometimes,Sometimes,Sometimes,Sometimes,Sometimes,Often,Sometimes,Sometimes,Often,28,High
2024-11-20,Baseline,Larde,Mpaheia,Female,8,Surface water,Yes,120,300,360,960,Not Satisfied,"Water has a bad smell, color, or quality",Latrine/toilet,Yes,Ash,Yes,Unimproved,Surface water,Always,Sometimes,Sometimes,Sometimes,Rarely,Rarely,Rarely,Often,Rarely,Never,Often,Never,19,Moderate
2024-11-20,Baseline,Larde,Mpaheia,Female,4,Surface water,Yes,60,360,300,1020,Not Satisfied,It is too far away,Latrine/toilet,Yes,Ash,Yes,Unimproved,Surface water,Often,Sometimes,Rarely,Sometimes,Rarely,Rarely,Sometimes,Often,Rarely,Never,Often,Rarely,20,Moderate
2024-11-13,Baseline,Memba,Lusaka,Female,10,Surface water,Yes,80,60,10,130,Not Satisfied,"Water has a bad smell, color, or quality",Latrine/toilet,Yes,Ash,Yes,Unimproved,Surface water,Often,Rarely,Often,Sometimes,Sometimes,Sometimes,Sometimes,Sometimes,Often,Rarely,Often,Often,27,High
2024-11-13,Baseline,Memba,Miaja,Female,6,Surface water,Yes,100,50,280,380,Not Satisfied,It is too far away,Latrine/toilet,Yes,Soap,Yes,Unimproved,Surface water,Always,Never,Always,Sometimes,Sometimes,Often,Often,Often,Always,Often,Often,Often,31,High
2024-11-13,Baseline,Memba,Nihola,Female,8,Surface water,Yes,80,50,30,130,Not Satisfied,Water tastes bad,Latrine/toilet,Yes,Ash,Yes,Unimproved,Surface water,Sometimes,Sometimes,Sometimes,Sometimes,Rarely,Rarely,Rarely,Rarely,Sometimes,Rarely,Rarely,Sometimes,18,Moderate
2024-11-13,Baseline,Memba,Nihola,Female,7,Surface water,Yes,20,45,20,110,Not Satisfied,"Water has a bad smell, color, or quality",Latrine/toilet,Yes,Ash,Yes,Unimproved,Surface water,Often,Sometimes,Often,Sometimes,Sometimes,Sometimes,Sometimes,Rarely,Often,Sometimes,Often,Often,28,High
2024-11-13,Baseline,Memba,Nihola,Female,5,Surface water,Yes,120,30,15,75,Not Satisfied,"Water has a bad smell, color, or quality",Latrine/toilet,Yes,Ash,Yes,Unimproved,Surface water,Sometimes,Rarely,Sometimes,Sometimes,Sometimes,Sometimes,Sometimes,Rarely,Sometimes,Rarely,Sometimes,Sometimes,21,Moderate
2024-11-13,Baseline,Memba,Nihola,Female,8,Surface water,Yes,70,40,25,105,Not Satisfied,"Water has a bad smell, color, or quality",Latrine/toilet,Yes,Ash,Yes,Unimproved,Surface water,Often,Rarely,Often,Sometimes,Rarely,Rarely,Sometimes,Rarely,Sometimes,Rarely,Sometimes,Sometimes,21,Moderate
2024-11-13,Baseline,Memba,Valdemar,Female,4,Surface water,Yes,100,20,60,100,Not Satisfied,"Water has a bad smell, color, or quality",Latrine/toilet,Yes,Soap,Yes,Unimproved,Surface water,Often,Often,Often,Often,Often,Often,Sometimes,Sometimes,Sometimes,Sometimes,Sometimes,Sometimes,30,High
2024-11-13,Baseline,Memba,Valdemar,Female,4,Surface water,Yes,40,50,45,145,Not Satisfied,"Water has a bad smell, color, or quality",Latrine/toilet,Yes,Ash,Yes,Unimproved,Surface water,Often,Often,Rarely,Often,Often,Often,Sometimes,Rarely,Often,Never,Sometimes,Sometimes,26,High
2024-11-13,Baseline,Memba,Valdemar,Female,3,Surface water,Yes,20,120,180,420,Not Satisfied,Water tastes bad,Latrine/toilet,Yes,Ash,No,Unimproved,Surface water,Often,Often,Often,Always,Often,Sometimes,Always,Always,Often,Sometimes,Often,Sometimes,33,High
2024-11-13,Baseline,Memba,Valdemar,Female,4,Surface water,Yes,15,40,180,260,Not Satisfied,"Water has a bad smell, color, or quality",Latrine/toilet,Yes,Ash,Yes,Unimproved,Surface water,Always,Always,Sometimes,Often,Often,Sometimes,Rarely,Sometimes,Sometimes,Never,Sometimes,Sometimes,25,High
2024-11-14,Baseline,Memba,Cruzamento dos velhos,Female,4,Unprotected dug well,Yes,50,15,40,70,Not Satisfied,"Water has a bad smell, color, or quality",In the open/no sanitation facilities,Yes,Ash,Yes,Unimproved,Unimproved,Often,Sometimes,Sometimes,Sometimes,Sometimes,Sometimes,Sometimes,Sometimes,Often,Rarely,Sometimes,Often,26,High
2024-11-14,Baseline,Memba,Cruzamento dos velhos,Female,5,Unprotected dug well,Yes,20,20,45,85,Not Satisfied,"Water has a bad smell, color, or quality",Latrine/toilet,Yes,Ash,Yes,Unimproved,Unimproved,Often,Sometimes,Often,Sometimes,Sometimes,Sometimes,Sometimes,Sometimes,Often,Sometimes,Sometimes,Often,28,High
2024-11-14,Baseline,Memba,Cruzamento dos velhos,Female,5,Unprotected dug well,Yes,100,10,40,60,Not Satisfied,"Water has a bad smell, color, or quality",Latrine/toilet,Yes,Ash,Yes,Unimproved,Unimproved,Sometimes,Sometimes,Sometimes,Sometimes,Sometimes,Sometimes,Often,Sometimes,Often,Rarely,Sometimes,Often,26,High
2024-11-18,Baseline,Moma,Jacagiua,Male,5,Unprotected dug well,Yes,60,40,80,160,Not Satisfied,Long lines,Latrine/toilet,Yes,Ash,Yes,Unimproved,Unimproved,Sometimes,Sometimes,Often,Sometimes,Sometimes,Sometimes,Often,Sometimes,Often,Rarely,Sometimes,Often,27,High
2024-11-18,Baseline,Moma,Jacagiua,Female,7,Unprotected dug well,Yes,40,60,240,360,Not Satisfied,Long lines,Latrine/toilet,Yes,Soap,Yes,Unimproved,Unimproved,Often,Sometimes,Sometimes,Rarely,Rarely,Never,Rarely,Often,Rarely,Never,Often,Never,17,Moderate
2024-11-18,Baseline,Moma,Jacagiua,Male,6,Unprotected dug well,Yes,40,120,50,290,Not Satisfied,It is too far away,Latrine/toilet,Yes,Ash,Yes,Unimproved,Unimproved,Often,Sometimes,Often,Sometimes,Sometimes,Sometimes,Sometimes,Sometimes,Often,Rarely,Sometimes,Often,27,High
2024-11-18,Baseline,Moma,Jacagiua,Female,8,Unprotected dug well,Yes,50,70,40,180,Not Satisfied,It is too far away,Latrine/toilet,Yes,Ash,Yes,Unimproved,Unimproved,Sometimes,Sometimes,Often,Sometimes,Sometimes,Sometimes,Sometimes,Sometimes,Often,Rarely,Sometimes,Often,26,High
2024-11-18,Baseline,Moma,Jacagiua,Female,7,Unprotected dug well,Yes,60,60,30,150,Not Satisfied,It is too far away,Latrine/toilet,Yes,Ash,Yes,Unimproved,Unimproved,Sometimes,Sometimes,Sometimes,Sometimes,Sometimes,Sometimes,Sometimes,Sometimes,Often,Rarely,Sometimes,Often,25,High
2024-11-18,Baseline,Moma,Jacagiua,Female,6,Unprotected dug well,Yes,40,120,240,480,Not Satisfied,It is too far away,In the open/no sanitation facilities,Yes,Ash,Yes,Unimproved,Unimproved,Often,Rarely,Sometimes,Sometimes,Rarely,Rarely,Rarely,Often,Rarely,Rarely,Often,Rarely,20,Moderate
2025-06-23,Endline,Larde,Macuire,Female,3,Unprotected dug well,Yes,30,15,5,35,Not Satisfied,Water tastes bad,Latrine/toilet,Yes,Soap,Yes,Unimproved,Unimproved,Rarely,Sometimes,Rarely,Sometimes,Rarely,Rarely,Sometimes,Sometimes,Often,Sometimes,Sometimes,Rarely,20,Moderate
2025-06-23,Endline,Larde,Macuire,Female,7,Unprotected dug well,Yes,75,1,5,7,Not Satisfied,"Water has a bad smell, color, or quality",Latrine/toilet,Yes,Ash,Yes,Unimproved,Unimproved,Rarely,Never,Rarely,Rarely,Sometimes,Never,Rarely,Sometimes,Rarely,Never,Sometimes,Rarely,12,Moderate
2025-06-23,Endline,Larde,Macuire,Male,6,Unprotected dug well,Yes,80,15,35,65,Not Satisfied,"Water has a bad smell, color, or quality",Latrine/toilet,Yes,Soap,Yes,Unimproved,Unimproved,Sometimes,Never,Rarely,Rarely,Rarely,Never,Never,Sometimes,Rarely,Rarely,Sometimes,Rarely,12,Moderate
2024-11-19,Baseline,Larde,Macuire,Female,6,Unprotected dug well,Yes,60,20,15,55,Not Satisfied,"Water has a bad smell, color, or quality",In the open/no sanitation facilities,Yes,Ash,Yes,Unimproved,Unimproved,Sometimes,Sometimes,Sometimes,Sometimes,Sometimes,Rarely,Rarely,Rarely,Sometimes,Rarely,Sometimes,Sometimes,20,Moderate
2024-11-19,Baseline,Larde,Macuire,Female,8,Unprotected dug well,Yes,60,15,60,90,Not Satisfied,Long lines,Latrine/toilet,Yes,Soap,Yes,Unimproved,Unimproved,Often,Sometimes,Often,Sometimes,Sometimes,Often,Often,Often,Sometimes,Often,Sometimes,Often,31,High
2024-11-19,Baseline,Larde,Macuire,Female,3,Unprotected dug well,Yes,80,20,120,160,Not Satisfied,Other,In water body: river or lake,No,NA,NA,Unimproved,Unimproved,Sometimes,Sometimes,Sometimes,Sometimes,Sometimes,Sometimes,Rarely,Sometimes,Rarely,Rarely,Rarely,Sometimes,20,Moderate
2024-11-19,Baseline,Larde,Macuire,Female,6,Unprotected dug well,Yes,80,15,60,90,Not Satisfied,"Water has a bad smell, color, or quality",Latrine/toilet,Yes,Soap,Yes,Unimproved,Unimproved,Often,Rarely,Rarely,Rarely,Never,Rarely,Rarely,Often,Rarely,Never,Often,Never,15,Moderate
2024-11-19,Baseline,Larde,Macuire,Female,4,Unprotected dug well,No,0,20,240,280,Not Satisfied,Long lines,Latrine/toilet,Yes,Soap,Yes,Unimproved,Unimproved,Often,Rarely,Sometimes,Never,Sometimes,Sometimes,Never,Often,Sometimes,Never,Sometimes,Sometimes,19,Moderate
2024-11-19,Baseline,Larde,Macuire,Female,8,Unprotected dug well,Yes,30,60,180,300,Not Satisfied,Long lines,Latrine/toilet,Yes,Soap,Yes,Unimproved,Unimproved,Often,Often,Often,Sometimes,Sometimes,Always,Often,Often,Sometimes,Sometimes,Sometimes,Often,31,High
2024-11-19,Baseline,Larde,Macuire,Female,4,Unprotected dug well,Yes,40,10,30,50,Not Satisfied,Other,In the open/no sanitation facilities,No,NA,NA,Unimproved,Unimproved,Rarely,Rarely,Sometimes,Sometimes,Sometimes,Sometimes,Sometimes,Rarely,Rarely,Sometimes,Sometimes,Sometimes,20,Moderate
2024-11-19,Baseline,Larde,Macuire,Female,6,Unprotected dug well,Yes,50,20,60,100,Not Satisfied,Long lines,Latrine/toilet,Yes,None shown,Yes,Unimproved,Unimproved,Rarely,Sometimes,Often,Often,Often,Often,Often,Sometimes,Sometimes,Often,Often,Sometimes,30,High
2024-11-14,Baseline,Memba,Matata,Female,6,Unprotected dug well,Yes,60,35,40,110,Not Satisfied,It is too far away,In the open/no sanitation facilities,Yes,Ash,Yes,Unimproved,Unimproved,Often,Sometimes,Sometimes,Sometimes,Sometimes,Sometimes,Sometimes,Sometimes,Often,Rarely,Sometimes,Often,26,High
2024-11-14,Baseline,Memba,Matata,Female,5,Unprotected dug well,Yes,40,40,25,105,Not Satisfied,"Water has a bad smell, color, or quality",Latrine/toilet,Yes,Ash,Yes,Unimproved,Unimproved,Often,Sometimes,Often,Sometimes,Sometimes,Sometimes,Sometimes,Sometimes,Often,Sometimes,Sometimes,Often,28,High
2024-11-14,Baseline,Memba,Matata,Female,6,Unprotected dug well,Yes,30,50,30,130,Not Satisfied,"Water has a bad smell, color, or quality",Latrine/toilet,Yes,Ash,Yes,Unimproved,Unimproved,Often,Sometimes,Often,Sometimes,Sometimes,Sometimes,Sometimes,Sometimes,Often,Sometimes,Sometimes,Often,28,High
2024-11-13,Baseline,Memba,Miaja,Female,4,Unprotected dug well,Yes,80,60,120,240,Not Satisfied,It is too far away,Latrine/toilet,Yes,Soap,Yes,Unimproved,Unimproved,Sometimes,Sometimes,Often,Often,Often,Often,Often,Often,Often,Often,Often,Often,34,High
2024-11-13,Baseline,Memba,Miaja,Female,5,Unprotected dug well,Yes,60,120,120,360,Not Satisfied,Long lines,Latrine/toilet,Yes,Soap,No,Unimproved,Unimproved,Always,Always,Often,Always,Always,Always,Always,Always,Always,Sometimes,Often,Often,35,High
2024-11-13,Baseline,Memba,Miaja,Female,5,Unprotected dug well,Yes,40,40,180,260,Not Satisfied,Long lines,Latrine/toilet,Yes,None shown,No,Unimproved,Unimproved,Always,Always,Always,Often,Often,Often,Often,Often,Always,Often,Often,Always,36,High
2024-11-17,Baseline,Moma,Mieie,Female,4,Unprotected dug well,Yes,30,60,240,360,Not Satisfied,Long lines,In the open/no sanitation facilities,Yes,Ash,Yes,Unimproved,Unimproved,Often,Never,Sometimes,Sometimes,Sometimes,Rarely,Sometimes,Often,Rarely,Rarely,Sometimes,Rarely,20,Moderate
2024-11-17,Baseline,Moma,Mieie,Female,4,Unprotected dug well,Yes,50,30,120,180,Not Satisfied,It is broken,Latrine/toilet,Yes,Soap,Yes,Unimproved,Unimproved,Often,Sometimes,Rarely,Rarely,Rarely,Never,Rarely,Often,Rarely,Never,Often,Rarely,17,Moderate
2024-11-17,Baseline,Moma,Mieie,Female,12,Unprotected dug well,Yes,175,30,280,340,Not Satisfied,It is too far away,In the open/no sanitation facilities,Yes,Soap,Yes,Unimproved,Unimproved,Sometimes,Sometimes,Sometimes,Sometimes,Sometimes,Never,Sometimes,Sometimes,Often,Never,Sometimes,Sometimes,21,Moderate
2024-11-17,Baseline,Moma,Mieie,Female,9,Unprotected dug well,No,0,90,90,270,Not Satisfied,Other,In water body: river or lake,No,NA,NA,Unimproved,Unimproved,Sometimes,Sometimes,Sometimes,Sometimes,Often,Sometimes,Sometimes,Sometimes,Sometimes,Sometimes,Sometimes,Sometimes,25,High
2024-11-17,Baseline,Moma,Mieie,Female,6,Unprotected dug well,Yes,80,90,280,460,Not Satisfied,Long lines,In the open/no sanitation facilities,Yes,Ash,Yes,Unimproved,Unimproved,Often,Never,Sometimes,Often,Often,Rarely,Sometimes,Sometimes,Rarely,Sometimes,Sometimes,Rarely,22,Moderate
2024-11-17,Baseline,Moma,Mieie,Female,4,Unprotected dug well,Yes,20,70,40,180,Not Satisfied,It is too far away,In the open/no sanitation facilities,Yes,Ash,Yes,Unimproved,Unimproved,Often,Sometimes,Often,Sometimes,Sometimes,Sometimes,Often,Sometimes,Often,Sometimes,Sometimes,Often,29,High
2024-11-17,Baseline,Moma,Mieie,Female,6,Unprotected dug well,Yes,20,40,240,320,Not Satisfied,Long lines,Latrine/toilet,Yes,Soap,Yes,Unimproved,Unimproved,Always,Often,Sometimes,Often,Often,Often,Often,Often,Often,Always,Always,Often,35,High
2024-11-17,Baseline,Moma,Mieie,Female,4,Unprotected dug well,No,0,20,280,320,Not Satisfied,It is too far away,Latrine/toilet,Yes,Soap,Yes,Unimproved,Unimproved,Always,Rarely,Often,Sometimes,Sometimes,Sometimes,Sometimes,Often,Sometimes,Never,Sometimes,Never,22,Moderate
2024-11-13,Baseline,Memba,Monapo,Female,5,Unprotected dug well,Yes,40,30,280,340,Not Satisfied,"Water has a bad smell, color, or quality",Latrine/toilet,Yes,Soap,Yes,Unimproved,Unimproved,Often,Sometimes,Often,Never,Sometimes,Rarely,Sometimes,Sometimes,Never,Never,Rarely,Never,16,Moderate
2024-11-13,Baseline,Memba,Monapo,Female,7,Unprotected dug well,Yes,50,35,10,80,Not Satisfied,It is too far away,Latrine/toilet,Yes,Ash,No,Unimproved,Unimproved,Often,Often,Often,Often,Sometimes,Often,Often,Sometimes,Sometimes,Rarely,Often,Often,31,High
2024-11-20,Baseline,Larde,Mpaheia,Female,5,Unprotected dug well,No,0,40,300,380,Not Satisfied,It is too far away,Latrine/toilet,Yes,Soap,Yes,Unimproved,Unimproved,Often,Sometimes,Often,Sometimes,Sometimes,Sometimes,Often,Often,Sometimes,Often,Often,Sometimes,30,High
2024-11-20,Baseline,Larde,Mpaheia,Female,6,Unprotected dug well,Yes,100,30,180,240,Not Satisfied,It is too far away,Latrine/toilet,Yes,None shown,No,Unimproved,Unimproved,Often,Often,Often,Often,Sometimes,Rarely,Sometimes,Sometimes,Sometimes,Sometimes,Sometimes,Sometimes,27,High
2024-11-20,Baseline,Larde,Mpaheia,Female,7,Unprotected dug well,No,0,60,120,240,Not Satisfied,Other,In water body: river or lake,No,NA,NA,Unimproved,Unimproved,Rarely,Rarely,Sometimes,Rarely,Rarely,Rarely,Sometimes,Sometimes,Sometimes,Sometimes,Sometimes,Sometimes,19,Moderate
2024-11-20,Baseline,Larde,Mpaheia,Female,4,Unprotected dug well,Yes,140,60,240,360,Not Satisfied,Long lines,Latrine/toilet,Yes,Soap,Yes,Unimproved,Unimproved,Often,Rarely,Often,Often,Sometimes,Rarely,Sometimes,Often,Sometimes,Often,Often,Rarely,27,High
2024-11-20,Baseline,Larde,Mpaheia,Female,5,Unprotected dug well,Yes,80,40,120,200,Not Satisfied,Long lines,Latrine/toilet,Yes,Ash,Yes,Unimproved,Unimproved,Often,Sometimes,Sometimes,Sometimes,Sometimes,Rarely,Sometimes,Sometimes,Often,Rarely,Sometimes,Often,25,High
2024-11-20,Baseline,Larde,Mpaheia,Female,5,Unprotected dug well,No,0,60,180,300,Not Satisfied,Other,In the open/no sanitation facilities,Yes,Other cleanser or detergent,Yes,Unimproved,Unimproved,Rarely,Sometimes,Rarely,Sometimes,Sometimes,Rarely,Rarely,Rarely,Sometimes,Rarely,Rarely,Sometimes,17,Moderate
2024-11-20,Baseline,Larde,Mpaheia,Female,5,Unprotected dug well,Yes,40,60,300,420,Not Satisfied,Long lines,Latrine/toilet,Yes,Soap,Yes,Unimproved,Unimproved,Often,Rarely,Sometimes,Often,Sometimes,Rarely,Sometimes,Often,Rarely,Sometimes,Often,Rarely,24,High
2024-11-20,Baseline,Larde,Mpaheia,Female,6,Unprotected dug well,Yes,80,60,40,160,Not Satisfied,It is too far away,Latrine/toilet,Yes,Ash,Yes,Unimproved,Unimproved,Often,Sometimes,Often,Sometimes,Sometimes,Rarely,Sometimes,Sometimes,Often,Rarely,Sometimes,Often,26,High
2024-11-19,Baseline,Larde,Namichir,Female,4,Unprotected dug well,Yes,20,40,120,200,Not Satisfied,Other,In water body: river or lake,No,NA,NA,Unimproved,Unimproved,Sometimes,Rarely,Sometimes,Sometimes,Sometimes,Sometimes,Rarely,Rarely,Sometimes,Sometimes,Sometimes,Sometimes,21,Moderate
2024-11-19,Baseline,Larde,Namichir,Female,5,Unprotected dug well,Yes,60,60,40,160,Not Satisfied,It is too far away,In the open/no sanitation facilities,Yes,Ash,Yes,Unimproved,Unimproved,Sometimes,Sometimes,Sometimes,Sometimes,Sometimes,Sometimes,Sometimes,Sometimes,Often,Rarely,Sometimes,Often,25,High
2024-11-19,Baseline,Larde,Namichir,Female,5,Unprotected dug well,Yes,70,120,240,480,Not Satisfied,It is too far away,In the open/no sanitation facilities,No,NA,NA,Unimproved,Unimproved,Sometimes,Often,Often,Sometimes,Often,Often,Sometimes,Sometimes,Often,Often,Often,Often,32,High
2024-11-19,Baseline,Larde,Namichir,Female,6,Unprotected dug well,Yes,35,120,60,300,Not Satisfied,It is too far away,Latrine/toilet,Yes,Soap,Yes,Unimproved,Unimproved,Often,Never,Sometimes,Often,Sometimes,Sometimes,Sometimes,Often,Rarely,Sometimes,Often,Sometimes,25,High
2024-11-19,Baseline,Larde,Namichir,Female,5,Unprotected dug well,Yes,40,60,60,180,Not Satisfied,It is too far away,Latrine/toilet,Yes,None shown,Yes,Unimproved,Unimproved,Always,Often,Always,Often,Often,Often,Always,Often,Always,Often,Often,Often,36,High
2024-11-19,Baseline,Larde,Namichir,Female,6,Unprotected dug well,Yes,80,50,30,130,Not Satisfied,"Water has a bad smell, color, or quality",In the open/no sanitation facilities,Yes,Ash,Yes,Unimproved,Unimproved,Often,Sometimes,Sometimes,Sometimes,Sometimes,Sometimes,Sometimes,Sometimes,Often,Rarely,Sometimes,Often,26,High
2024-11-19,Baseline,Larde,Namichir,Female,7,Unprotected dug well,Yes,40,120,90,330,Not Satisfied,It is too far away,Latrine/toilet,Yes,Soap,Yes,Unimproved,Unimproved,Often,Rarely,Sometimes,Often,Sometimes,Rarely,Sometimes,Often,Rarely,Sometimes,Often,Rarely,24,High
2024-11-19,Baseline,Larde,Namichir,Female,8,Unprotected dug well,Yes,90,10,180,200,Not Satisfied,Other,In the open/no sanitation facilities,Yes,Other cleanser or detergent,Yes,Unimproved,Unimproved,Rarely,Rarely,Sometimes,Sometimes,Rarely,Rarely,Sometimes,Sometimes,Rarely,Rarely,Sometimes,Sometimes,18,Moderate
2024-11-19,Baseline,Larde,Namichir,Female,6,Unprotected dug well,Yes,80,20,120,160,Not Satisfied,It is broken,Latrine/toilet,Yes,Ash,Yes,Unimproved,Unimproved,Often,Sometimes,Rarely,Rarely,Never,Never,Rarely,Often,Rarely,Never,Often,Never,15,Moderate
2024-11-19,Baseline,Larde,Namichir,Female,3,Unprotected dug well,Yes,80,10,60,80,Not Satisfied,It is broken,In the open/no sanitation facilities,No,NA,NA,Unimproved,Unimproved,Sometimes,Rarely,Rarely,Rarely,Never,Never,Never,Often,Never,Never,Often,Never,11,Low
2024-11-24,Baseline,Mecuburi,Nanrele,Female,7,Unprotected dug well,Yes,60,5,30,40,Not Satisfied,Long lines,Latrine/toilet,Yes,None shown,Yes,Unimproved,Unimproved,Rarely,Sometimes,Sometimes,Sometimes,Often,Often,Often,Often,Often,Often,Sometimes,Often,30,High
2024-11-24,Baseline,Mecuburi,Nanrele,Female,3,Unprotected dug well,Yes,110,60,120,240,Not Satisfied,It is broken,In the open/no sanitation facilities,No,NA,NA,Unimproved,Unimproved,Sometimes,Sometimes,Rarely,Rarely,Rarely,Never,Rarely,Often,Rarely,Never,Often,Rarely,16,Moderate
2024-11-24,Baseline,Mecuburi,Nanrele,Female,4,Unprotected dug well,Yes,30,2,60,64,Not Satisfied,Water tastes bad,Latrine/toilet,Yes,Ash,Yes,Unimproved,Unimproved,Often,Often,Often,Sometimes,Sometimes,Sometimes,Sometimes,Often,Sometimes,Never,Sometimes,Sometimes,26,High
2024-11-24,Baseline,Mecuburi,Nanrele,Female,4,Unprotected dug well,Yes,60,3,60,66,Not Satisfied,Long lines,Latrine/toilet,Yes,Soap,Yes,Unimproved,Unimproved,Rarely,Often,Sometimes,Sometimes,Sometimes,Sometimes,Sometimes,Sometimes,Sometimes,Sometimes,Sometimes,Often,25,High
2024-11-24,Baseline,Mecuburi,Nanrele,Female,7,Unprotected dug well,Yes,90,10,80,100,Not Satisfied,Long lines,Latrine/toilet,Yes,Soap,Yes,Unimproved,Unimproved,Often,Sometimes,Often,Sometimes,Sometimes,Rarely,Sometimes,Sometimes,Often,Rarely,Sometimes,Often,26,High
2024-11-24,Baseline,Mecuburi,Nanrele,Female,5,Unprotected dug well,Yes,400,35,90,160,Not Satisfied,Long lines,In the open/no sanitation facilities,Yes,Soap,Yes,Unimproved,Unimproved,Sometimes,Rarely,Sometimes,Sometimes,Sometimes,Rarely,Sometimes,Sometimes,Rarely,Sometimes,Sometimes,Rarely,20,Moderate
2024-11-24,Baseline,Mecuburi,Nanrele,Female,9,Unprotected dug well,Yes,40,10,30,50,Not Satisfied,Water tastes bad,Latrine/toilet,Yes,Ash,Yes,Unimproved,Unimproved,Sometimes,Sometimes,Often,Often,Sometimes,Sometimes,Often,Sometimes,Sometimes,Rarely,Sometimes,Never,24,High
2024-11-24,Baseline,Mecuburi,Nanrele,Female,2,Unprotected dug well,Yes,45,15,180,210,Not Satisfied,Other,Latrine/toilet,No,NA,NA,Unimproved,Unimproved,Sometimes,Rarely,Rarely,Rarely,Rarely,Rarely,Rarely,Sometimes,Rarely,Rarely,Rarely,Rarely,14,Moderate
2024-11-24,Baseline,Mecuburi,Nanrele,Female,5,Unprotected dug well,No,0,20,120,160,Not Satisfied,It is broken,Latrine/toilet,No,NA,NA,Unimproved,Unimproved,Rarely,Rarely,Sometimes,Rarely,Sometimes,Sometimes,Rarely,Often,Sometimes,Rarely,Sometimes,Rarely,19,Moderate
2024-11-24,Baseline,Mecuburi,Nanrele,Female,10,Unprotected dug well,Yes,70,10,60,80,Not Satisfied,Long lines,Latrine/toilet,Yes,Soap,Yes,Unimproved,Unimproved,Sometimes,Sometimes,Often,Sometimes,Sometimes,Rarely,Sometimes,Sometimes,Often,Sometimes,Sometimes,Often,26,High
2024-11-13,Baseline,Memba,Nihola,Female,6,Unprotected dug well,Yes,20,60,30,150,Not Satisfied,It is too far away,In the open/no sanitation facilities,Yes,Other cleanser or detergent,Yes,Unimproved,Unimproved,Rarely,Rarely,Rarely,Sometimes,Rarely,Rarely,Rarely,Sometimes,Never,Rarely,Sometimes,Never,13,Moderate
2024-11-13,Baseline,Memba,Valdemar,Female,5,Unprotected dug well,Yes,80,10,5,25,Not Satisfied,"Water has a bad smell, color, or quality",Latrine/toilet,Yes,Ash,Yes,Unimproved,Unimproved,Sometimes,Rarely,Sometimes,Often,Sometimes,Rarely,Sometimes,Sometimes,Sometimes,Sometimes,Sometimes,Sometimes,23,Moderate
2024-11-13,Baseline,Memba,Valdemar,Female,6,Unprotected dug well,Yes,80,20,60,100,Not Satisfied,Long lines,Latrine/toilet,Yes,Ash,Yes,Unimproved,Unimproved,Often,Sometimes,Often,Sometimes,Sometimes,Often,Often,Sometimes,Sometimes,Sometimes,Sometimes,Sometimes,28,High
2024-11-13,Baseline,Memba,Valdemar,Female,7,Unprotected dug well,Yes,45,60,90,210,Not Satisfied,Long lines,In the open/no sanitation facilities,Yes,Ash,Yes,Unimproved,Unimproved,Rarely,Sometimes,Sometimes,Often,Often,Sometimes,Often,Always,Always,Rarely,Sometimes,Rarely,26,High
2024-11-13,Baseline,Memba,Valdemar,Female,5,Unprotected dug well,Yes,100,50,60,160,Not Satisfied,Long lines,In the open/no sanitation facilities,Yes,Soap,Yes,Unimproved,Unimproved,Sometimes,Sometimes,Sometimes,Often,Sometimes,Often,Sometimes,Often,Sometimes,Rarely,Often,Sometimes,27,High
2024-11-13,Baseline,Memba,Valdemar,Female,3,Unprotected dug well,Yes,40,10,40,60,Not Satisfied,Long lines,Latrine/toilet,Yes,Ash,Yes,Unimproved,Unimproved,Often,Often,Often,Often,Often,Sometimes,Sometimes,Sometimes,Sometimes,Sometimes,Sometimes,Sometimes,29,High
2024-11-13,Baseline,Memba,Valdemar,Female,8,Unprotected dug well,Yes,40,40,60,140,Not Satisfied,Long lines,In the open/no sanitation facilities,Yes,Soap,Yes,Unimproved,Unimproved,Often,Often,Always,Always,Often,Sometimes,Always,Sometimes,Often,Sometimes,Often,Sometimes,32,High
2024-11-14,Baseline,Memba,Cruzamento dos velhos,Female,2,Unprotected spring,Yes,60,40,120,200,Not Satisfied,"Water has a bad smell, color, or quality",Latrine/toilet,Yes,Soap,Yes,Unimproved,Unimproved,Sometimes,Rarely,Sometimes,Rarely,Never,Rarely,Rarely,Often,Rarely,Never,Often,Rarely,16,Moderate
2024-11-14,Baseline,Memba,Cruzamento dos velhos,Female,6,Unprotected spring,Yes,100,30,240,300,Not Satisfied,Long lines,Latrine/toilet,Yes,Ash,Yes,Unimproved,Unimproved,Sometimes,Never,Sometimes,Sometimes,Sometimes,Sometimes,Sometimes,Sometimes,Sometimes,Sometimes,Sometimes,Sometimes,22,Moderate
2024-11-14,Baseline,Memba,Cruzamento dos velhos,Female,6,Unprotected spring,Yes,40,30,120,180,Not Satisfied,It is too far away,Latrine/toilet,Yes,Soap,Yes,Unimproved,Unimproved,Sometimes,Sometimes,Rarely,Rarely,Rarely,Rarely,Rarely,Often,Rarely,Never,Often,Never,16,Moderate
2024-11-14,Baseline,Memba,Cruzamento dos velhos,Female,3,Unprotected spring,Yes,50,45,210,300,Not Satisfied,Long lines,Latrine/toilet,Yes,Ash,Yes,Unimproved,Unimproved,Sometimes,Never,Rarely,Sometimes,Sometimes,Rarely,Rarely,Sometimes,Sometimes,Sometimes,Sometimes,Sometimes,19,Moderate
2024-11-14,Baseline,Memba,Cruzamento dos velhos,Female,4,Unprotected spring,Yes,100,30,180,240,Not Satisfied,Long lines,Latrine/toilet,Yes,Soap,Yes,Unimproved,Unimproved,Sometimes,Never,Rarely,Sometimes,Sometimes,Rarely,Rarely,Sometimes,Rarely,Rarely,Often,Rarely,17,Moderate
2024-11-14,Baseline,Memba,Cruzamento dos velhos,Female,4,Unprotected spring,Yes,50,40,180,260,Not Satisfied,Long lines,Latrine/toilet,Yes,Soap,Yes,Unimproved,Unimproved,Sometimes,Rarely,Rarely,Rarely,Never,Rarely,Rarely,Often,Rarely,Never,Often,Never,14,Moderate
2024-11-14,Baseline,Memba,Cruzamento dos velhos,Female,4,Unprotected spring,Yes,30,45,210,300,Not Satisfied,Long lines,In the open/no sanitation facilities,Yes,Soap,Yes,Unimproved,Unimproved,Often,Never,Sometimes,Often,Sometimes,Rarely,Rarely,Often,Sometimes,Sometimes,Sometimes,Rarely,22,Moderate
2024-11-14,Baseline,Memba,Cruzamento dos velhos,Female,5,Unprotected spring,Yes,90,40,120,200,Not Satisfied,Long lines,In the open/no sanitation facilities,No,NA,NA,Unimproved,Unimproved,Often,Rarely,Rarely,Sometimes,Rarely,Rarely,Rarely,Sometimes,Rarely,Rarely,Rarely,Rarely,16,Moderate
2024-11-18,Baseline,Moma,Jacagiua,Female,6,Unprotected spring,Yes,60,60,300,420,Not Satisfied,Long lines,Latrine/toilet,Yes,Ash,Yes,Unimproved,Unimproved,Often,Rarely,Sometimes,Sometimes,Sometimes,Sometimes,Sometimes,Often,Rarely,Sometimes,Often,Rarely,24,High
2024-11-18,Baseline,Moma,Jacagiua,Female,7,Unprotected spring,Yes,100,40,180,260,Not Satisfied,"Water has a bad smell, color, or quality",Latrine/toilet,Yes,Soap,Yes,Unimproved,Unimproved,Often,Rarely,Sometimes,Rarely,Rarely,Rarely,Rarely,Sometimes,Rarely,Never,Often,Never,16,Moderate
2024-11-18,Baseline,Moma,Jacagiua,Female,3,Unprotected spring,Yes,50,90,240,420,Not Satisfied,Long lines,In the open/no sanitation facilities,Yes,Ash,Yes,Unimproved,Unimproved,Often,Rarely,Sometimes,Often,Rarely,Sometimes,Sometimes,Often,Rarely,Often,Often,Rarely,25,High
2024-11-18,Baseline,Moma,Jacagiua,Female,7,Unprotected spring,Yes,40,90,300,480,Not Satisfied,Long lines,Latrine/toilet,Yes,Ash,Yes,Unimproved,Unimproved,Often,Rarely,Often,Often,Sometimes,Sometimes,Sometimes,Often,Rarely,Sometimes,Often,Rarely,26,High
2024-11-13,Baseline,Memba,Lusaka,Female,7,Unprotected spring,Yes,70,120,90,330,Not Satisfied,It is too far away,Latrine/toilet,Yes,Ash,Yes,Unimproved,Unimproved,Sometimes,Never,Sometimes,Rarely,Rarely,Rarely,Rarely,Sometimes,Rarely,Rarely,Sometimes,Rarely,15,Moderate
2024-11-13,Baseline,Memba,Lusaka,Female,7,Unprotected spring,Yes,60,60,120,240,Not Satisfied,"Water has a bad smell, color, or quality",Latrine/toilet,Yes,Soap,Yes,Unimproved,Unimproved,Sometimes,Rarely,Rarely,Rarely,Rarely,Rarely,Rarely,Often,Rarely,Never,Often,Rarely,16,Moderate
2024-11-13,Baseline,Memba,Lusaka,Female,5,Unprotected spring,Yes,60,90,60,240,Not Satisfied,Long lines,Latrine/toilet,Yes,Soap,Yes,Unimproved,Unimproved,Rarely,Never,Rarely,Rarely,Rarely,Rarely,Rarely,Rarely,Rarely,Rarely,Rarely,Rarely,11,Low
2024-11-13,Baseline,Memba,Lusaka,Female,4,Unprotected spring,Yes,80,120,60,300,Not Satisfied,It is too far away,Latrine/toilet,Yes,Soap,Yes,Unimproved,Unimproved,Sometimes,Never,Sometimes,Sometimes,Sometimes,Rarely,Rarely,Sometimes,Rarely,Rarely,Sometimes,Sometimes,18,Moderate
2024-11-13,Baseline,Memba,Lusaka,Female,7,Unprotected spring,Yes,80,40,120,200,Not Satisfied,Long lines,Latrine/toilet,Yes,Soap,Yes,Unimproved,Unimproved,Sometimes,Rarely,Rarely,Sometimes,Rarely,Rarely,Rarely,Often,Rarely,Never,Often,Rarely,17,Moderate
2024-11-13,Baseline,Memba,Lusaka,Female,6,Unprotected spring,No,0,120,60,300,Not Satisfied,It is too far away,Latrine/toilet,Yes,Soap,Yes,Unimproved,Unimproved,Sometimes,Never,Rarely,Rarely,Rarely,Rarely,Rarely,Sometimes,Rarely,Rarely,Sometimes,Rarely,14,Moderate
2024-11-13,Baseline,Memba,Lusaka,Female,3,Unprotected spring,Yes,40,60,40,160,Not Satisfied,It is too far away,In the open/no sanitation facilities,No,NA,NA,Unimproved,Unimproved,Sometimes,Rarely,Rarely,Rarely,Never,Rarely,Rarely,Sometimes,Rarely,Never,Often,Rarely,14,Moderate
2024-11-19,Baseline,Larde,Macuire,Female,5,Unprotected spring,Yes,30,90,240,420,Not Satisfied,Long lines,Latrine/toilet,Yes,Ash,Yes,Unimproved,Unimproved,Often,Rarely,Sometimes,Sometimes,Sometimes,Sometimes,Often,Sometimes,Rarely,Sometimes,Often,Rarely,24,High
2024-11-19,Baseline,Larde,Macuire,Female,7,Unprotected spring,Yes,60,30,60,120,Not Satisfied,"Water has a bad smell, color, or quality",Latrine/toilet,Yes,Soap,Yes,Unimproved,Unimproved,Sometimes,Rarely,Rarely,Sometimes,Never,Rarely,Rarely,Often,Never,Never,Sometimes,Never,13,Moderate
2024-11-19,Baseline,Larde,Macuire,Female,5,Unprotected spring,Yes,40,90,300,480,Not Satisfied,Long lines,Latrine/toilet,Yes,Soap,Yes,Unimproved,Unimproved,Often,Rarely,Sometimes,Sometimes,Sometimes,Rarely,Sometimes,Often,Rarely,Sometimes,Often,Rarely,23,Moderate
2024-11-14,Baseline,Memba,Matata,Female,2,Unprotected spring,Yes,20,40,180,260,Not Satisfied,It is too far away,In the open/no sanitation facilities,No,NA,NA,Unimproved,Unimproved,Often,Rarely,Sometimes,Rarely,Rarely,Rarely,Rarely,Often,Rarely,Rarely,Often,Never,18,Moderate
2024-11-14,Baseline,Memba,Matata,Female,4,Unprotected spring,Yes,50,90,210,390,Not Satisfied,Long lines,Latrine/toilet,Yes,Ash,Yes,Unimproved,Unimproved,Often,Never,Sometimes,Often,Sometimes,Rarely,Sometimes,Often,Sometimes,Sometimes,Sometimes,Sometimes,24,High
2024-11-14,Baseline,Memba,Matata,Female,6,Unprotected spring,Yes,100,90,240,420,Not Satisfied,Long lines,In the open/no sanitation facilities,Yes,Ash,Yes,Unimproved,Unimproved,Often,Never,Sometimes,Often,Sometimes,Rarely,Often,Often,Rarely,Sometimes,Sometimes,Rarely,23,Moderate
2024-11-14,Baseline,Memba,Matata,Female,9,Unprotected spring,Yes,80,30,120,180,Not Satisfied,Long lines,Latrine/toilet,Yes,Ash,Yes,Unimproved,Unimproved,Sometimes,Rarely,Rarely,Rarely,Never,Rarely,Rarely,Often,Rarely,Never,Sometimes,Never,13,Moderate
2024-11-14,Baseline,Memba,Matata,Female,6,Unprotected spring,Yes,80,60,300,420,Not Satisfied,Long lines,In the open/no sanitation facilities,Yes,Ash,Yes,Unimproved,Unimproved,Often,Never,Often,Often,Often,Sometimes,Sometimes,Often,Sometimes,Often,Often,Rarely,28,High
2024-11-14,Baseline,Memba,Matata,Female,4,Unprotected spring,Yes,40,60,180,300,Not Satisfied,Long lines,In the open/no sanitation facilities,No,NA,NA,Unimproved,Unimproved,Sometimes,Rarely,Rarely,Sometimes,Never,Rarely,Rarely,Often,Rarely,Never,Often,Rarely,16,Moderate
2024-11-13,Baseline,Memba,Nihola,Female,4,Unprotected spring,Yes,40,60,40,160,Not Satisfied,"Water has a bad smell, color, or quality",In the open/no sanitation facilities,Yes,Soap,Yes,Unimproved,Unimproved,Rarely,Rarely,Rarely,Sometimes,Rarely,Sometimes,Rarely,Sometimes,Rarely,Rarely,Sometimes,Rarely,16,Moderate
2024-11-13,Baseline,Memba,Nihola,Female,6,Unprotected spring,Yes,60,90,30,210,Not Satisfied,It is too far away,Latrine/toilet,Yes,Soap,Yes,Unimproved,Unimproved,Rarely,Never,Never,Rarely,Rarely,Rarely,Rarely,Sometimes,Rarely,Rarely,Rarely,Rarely,11,Low
2024-11-13,Baseline,Memba,Nihola,Female,7,Unprotected spring,Yes,40,40,30,110,Not Satisfied,It is too far away,Latrine/toilet,Yes,Ash,Yes,Unimproved,Unimproved,Sometimes,Often,Rarely,Rarely,Rarely,Rarely,Rarely,Often,Rarely,Rarely,Sometimes,Rarely,18,Moderate
2024-11-13,Baseline,Memba,Nihola,Female,2,Unprotected spring,Yes,40,120,60,300,Not Satisfied,It is too far away,Latrine/toilet,Yes,Ash,Yes,Unimproved,Unimproved,Rarely,Never,Rarely,Rarely,Rarely,Rarely,Rarely,Rarely,Rarely,Rarely,Rarely,Rarely,11,Low
2024-11-13,Baseline,Memba,Nihola,Female,6,Unprotected spring,Yes,100,90,60,240,Not Satisfied,It is too far away,Latrine/toilet,Yes,Ash,Yes,Unimproved,Unimproved,Rarely,Never,Sometimes,Rarely,Rarely,Rarely,Rarely,Sometimes,Rarely,Rarely,Rarely,Rarely,13,Moderate
