directory,file_name,variable_name,variable_type,description,options
data/,kalaiwash.rda,survey_date,Date,Date of the interview,
data/,kalaiwash.rda,survey_type,factor,Survey round: Baseline (November 2024) or Endline (June 2025),Baseline; Endline
data/,kalaiwash.rda,district,factor,District of Nampula Province where the household is located,Larde; Memba; Moma; Mecuburi
data/,kalaiwash.rda,community,factor,Name of village,Cruzamento dos velhos; Jacagiua; Lusaka; Macuire; Matata; Miaja; Mieie; Monapo; Mpaheia; Namichir; Nanrele; Nihola; Valdemar
data/,kalaiwash.rda,gender,factor,Whether the respondent is male or female,Female; Male
data/,kalaiwash.rda,household_size,numeric,The number of people living and eating together in the household including the respondent,
data/,kalaiwash.rda,source,factor,Household's primary drinking water source,Borehole with handpump; Protected dug well; Protected dug well with handpump; Public tap or standpipe; Unprotected dug well; Unprotected spring; Surface water
data/,kalaiwash.rda,collect_yesterday,factor,If anyone in the household collected drinking water yesterday,No; Yes
data/,kalaiwash.rda,total_liters,numeric,"Total liters collected in past 24 hours, derived from the number of 25, 20, 15, 10 and 5 liter containers used to collect water yesterday",
data/,kalaiwash.rda,oneway_travel,numeric,Estimate of how long household member had to walk to get to the water source in minutes (not round-trip),
data/,kalaiwash.rda,wait_time,numeric,"The last time household member went to the source, estimate of how long to wait to collect water from the source in minutes",
data/,kalaiwash.rda,total_collect_time,numeric,Total collection time in minutes: twice the one-way walk (oneway_travel) plus the wait time (wait_time),
data/,kalaiwash.rda,satisfied,factor,Whether the respondent is satisfied with the water service,Not Satisfied; Satisfied
data/,kalaiwash.rda,notsatisfied_why,factor,Why not satisfied with your water service,"It is broken; It is too expensive; It is too far away; Long lines; Other; Water has a bad smell, color, or quality; Water tastes bad"
data/,kalaiwash.rda,defecation_place,factor,The places that adult men and women in this household defecate,Latrine/toilet; In the open/no sanitation facilities; In water body: river or lake
data/,kalaiwash.rda,handwash_demo,factor,Willing to show where and how handwashing happens,No; Yes
data/,kalaiwash.rda,soap_ash,factor,Household demo uses soap or ash or another cleanser to wash hands,Soap; Ash; Other cleanser or detergent; None shown
data/,kalaiwash.rda,water_wash,factor,Household demo uses water to wash hands,No; Yes
data/,kalaiwash.rda,jmp_improved,factor,"If the Water source is ""improved"" or ""unimproved"" according to the JMP classification, derived from source: Improved for borehole with handpump, protected dug well (with or without handpump), public tap or standpipe, mechanized borehole, protected spring and piped water; Unimproved otherwise",Unimproved; Improved
data/,kalaiwash.rda,jmp_water_service,factor,"JMP drinking water service level derived from source and total_collect_time: Surface water; Unimproved (other unimproved source); Limited (improved source, total collection time over 30 minutes); Basic (improved source, total collection time of 30 minutes or less)",Surface water; Unimproved; Limited; Basic
data/,kalaiwash.rda,hwise_worry,"ordered, factor","In the last 4 weeks, how frequently did you or anyone in your household worry you would not have enough water for all of your household needs?",Never (0 times); Rarely (1-2 times); Sometimes (3-10 times); Often (11-20 times); Always (more than 20 times)
data/,kalaiwash.rda,hwise_interrupt,"ordered, factor","In the last 4 weeks, how frequently has your main water source been interrupted or limited (e.g. water pressure, less water than expected, river dried up)?",Never (0 times); Rarely (1-2 times); Sometimes (3-10 times); Often (11-20 times); Always (more than 20 times)
data/,kalaiwash.rda,hwise_clothes,"ordered, factor","In the last 4 weeks, how frequently have problems with water meant that clothes could not be washed?",Never (0 times); Rarely (1-2 times); Sometimes (3-10 times); Often (11-20 times); Always (more than 20 times)
data/,kalaiwash.rda,hwise_change_plans,"ordered, factor","In the last 4 weeks, how frequently have you or anyone in your household had to change schedules or plans due to problems with your water situation? (e.g. caring for others, household chores, agricultural work, IGA, sleeping)",Never (0 times); Rarely (1-2 times); Sometimes (3-10 times); Often (11-20 times); Always (more than 20 times)
data/,kalaiwash.rda,hwise_change_meal,"ordered, factor","In the last 4 weeks, how frequently have you or anyone in your household had to change what was being eaten because there were problems with water (e.g., for washing foods, cooking, etc.)?",Never (0 times); Rarely (1-2 times); Sometimes (3-10 times); Often (11-20 times); Always (more than 20 times)
data/,kalaiwash.rda,hwise_nohandwash,"ordered, factor","In the last 4 weeks, how frequently have you or anyone in your household had to go without washing hands after dirty activities (e.g., defecating or changing diapers, cleaning animal dung) because of problems with water?",Never (0 times); Rarely (1-2 times); Sometimes (3-10 times); Often (11-20 times); Always (more than 20 times)
data/,kalaiwash.rda,hwise_no_bodywash,"ordered, factor","In the last 4 weeks, how frequently have you or anyone in your household had to go without washing their body because of problems with water (e.g., not enough water, dirty, unsafe)?",Never (0 times); Rarely (1-2 times); Sometimes (3-10 times); Often (11-20 times); Always (more than 20 times)
data/,kalaiwash.rda,hwise_drinking,"ordered, factor","In the last 4 weeks, how frequently has there not been as much water to drink as you would like for you or anyone in your household?",Never (0 times); Rarely (1-2 times); Sometimes (3-10 times); Often (11-20 times); Always (more than 20 times)
data/,kalaiwash.rda,hwise_angry,"ordered, factor","In the last 4 weeks, how frequently did you or anyone in your household feel angry about your water situation?",Never (0 times); Rarely (1-2 times); Sometimes (3-10 times); Often (11-20 times); Always (more than 20 times)
data/,kalaiwash.rda,hwise_sleepthirsty,"ordered, factor","In the last 4 weeks, how frequently have you or anyone in your household gone to sleep thirsty because there wasn’t any water to drink?",Never (0 times); Rarely (1-2 times); Sometimes (3-10 times); Often (11-20 times); Always (more than 20 times)
data/,kalaiwash.rda,hwise_nowater,"ordered, factor","In the last 4 weeks, how frequently has there been no useable or drinkable water whatsoever in your household?",Never (0 times); Rarely (1-2 times); Sometimes (3-10 times); Often (11-20 times); Always (more than 20 times)
data/,kalaiwash.rda,hwise_shame,"ordered, factor","In the last 4 weeks, how frequently did you or anyone in your household feel ashamed/excluded/stigmatized?",Never (0 times); Rarely (1-2 times); Sometimes (3-10 times); Often (11-20 times); Always (more than 20 times)
data/,kalaiwash.rda,hwise_score,numeric,"Sum of the 12 HWISE items scored Never 0, Rarely 1, Sometimes 2, Often or Always 3; range 0 to 36",
data/,kalaiwash.rda,hwise_insecurity_level,factor,"Water insecurity level from hwise_score: 0 to 2 ""No-to-marginal"", 3 to 11 ""Low"", 12 to 23 ""Moderate"", 24 to 36 ""High""",High; Moderate; Low; No-to-marginal
